{"type": "FeatureCollection", "features": [{"type": "Feature", "properties": {"name": "Abadia de Goiás"}, "geometry": {"type": "Polygon", "coordinates": [[[-49.4116188754, -16.7404731638], [-49.3905177983, -16.8234629397], [-49.412551157, -16.8519290757], [-49.4535821608, -16.8604017925], [-49.4952346329, -16.7924268172], [-49.530410684, -16.7769697015], [-49.5419639201, -16.7497200152], [-49.5067765544, -16.7433158784], [-49.4696003056, -16.7311110026], [-49.4148316764, -16.7350353719], [-49.4116188754, -16.7404731638]]]}}, {"type": "Feature", "properties": {"name": "Abadiânia"}, "geometry": {"type": "Polygon", "coordinates": [[[-48.8413680012, -16.0044227658], [-48.7652399758, -16.0552736311], [-48.7206079284, -16.104483171], [-48.6924079002, -16.1328089887], [-48.6554319923, -16.15013994], [-48.6125160789, -16.1423817083], [-48.5783208507, -16.1619716399], [-48.5468491241, -16.1659063758], [-48.5168104017, -16.188683466], [-48.4776545253, -16.2003110214], [-48.4427646196, -16.2060819908], [-48.421877361, -16.2398210138], [-48.4125478433, -16.2731310605], [-48.423997875, -16.2895072829], [-48.4580711572, -16.2893479079], [-48.4882955677, -16.3039423596], [-48.5175183482, -16.331380092], [-48.5333042149, -16.3431950469], [-48.5848521841, -16.3319596905], [-48.6051513323, -16.3123998957], [-48.6308279794, -16.2822631801], [-48.6967703464, -16.2902398319], [-48.7691618127, -16.2908214091], [-48.8159886558, -16.2566318955], [-48.8713818178, -16.2380613381], [-48.9351351856, -16.2298600216], [-48.9475531749, -16.2029796581], [-48.9394161919, -16.134024719], [-48.9115237926, -16.022063806], [-48.8413680012, -16.0044227658]]]}}, {"type": "Feature", "properties": {"name": "Acreúna"}, "geometry": {"type": "Polygon", "coordinates": [[[-50.3518738707, -17.3021740357], [-50.3024654823, -17.2678883754], [-50.2518773352, -17.2656240388], [-50.2354916153, -17.2870588982], [-50.2076293342, -17.2965656657], [-50.1925759147, -17.2714856375], [-50.1870789008, -17.3012816528], [-50.1901351316, -17.3323951006], [-50.2034448906, -17.3440449914], [-50.1853830839, -17.3507334252], [-50.1478508643, -17.3395061258], [-50.1414110302, -17.3662227686], [-50.1267748254, -17.3912850163], [-50.1247936612, -17.4240541032], [-50.0988234253, -17.4418844014], [-50.0784062611, -17.4722213275], [-50.0749365556, -17.5091917657], [-50.082768169, -17.5444715231], [-50.1018228319, -17.5718687701], [-50.1144969035, -17.5982183717], [-50.1455178344, -17.5937121083], [-50.1717139483, -17.5705431974], [-50.2667445735, -17.5702991933], [-50.3039899235, -17.6150261178], [-50.3942971405, -17.6171703772], [-50.4764667483, -17.656579946], [-50.5313840877, -17.6313970338], [-50.5582134585, -17.5560148591], [-50.5160202891, -17.5041667128], [-50.5421935165, -17.4762659295], [-50.5277696852, -17.4353310411], [-50.5098332506, -17.3999399344], [-50.4953865155, -17.342966499], [-50.4303885771, -17.2882594744], [-50.3518738707, -17.3021740357]]]}}, {"type": "Feature", "properties": {"name": "Adelândia"}, "geometry": {"type": "Polygon", "coordinates": [[[-50.1354142539, -16.3442247277], [-50.1466665546, -16.3838088922], [-50.1652953491, -16.4256221298], [-50.1586085273, -16.464401055], [-50.1738023801, -16.4381705878], [-50.2187446411, -16.4100636963], [-50.2230472473, -16.3981878431], [-50.245212667, -16.3544679595], [-50.2019645667, -16.298824103], [-50.1331116002, -16.3364270987], [-50.1354142539, -16.3442247277]]]}}, {"type": "Feature", "properties": {"name": "Água Fria de Goiás"}, "geometry": {"type": "Polygon", "coordinates": [[[-47.7589689932, -14.6396050518], [-47.7049078698, -14.6712604734], [-47.6661321801, -14.7091413357], [-47.6324710018, -14.7520931498], [-47.6287125647, -14.8229725789], [-47.569742471, -14.7584203598], [-47.5319087943, -14.7547580084], [-47.4897646687, -14.842163685], [-47.5478831801, -14.925477078], [-47.5715984348, -14.9719199143], [-47.5980224706, -15.044823468], [-47.7090276189, -15.0225718738], [-47.7375169601, -15.0347101649], [-47.7509642465, -15.0431891011], [-47.7995480955, -15.0799506528], [-47.8285752472, -15.0968454672], [-47.8582461095, -15.0873786055], [-47.8788021884, -15.0931209871], [-47.9054352911, -15.0868218165], [-47.9202676635, -15.082360065], [-47.9358294053, -15.0802665993], [-47.9448784732, -15.0810190763], [-47.9625733741, -15.0972185177], [-47.9691325802, -15.1055078868], [-48.006628777, -15.1228605067], [-48.029967429, -15.1365987839], [-48.0555753609, -15.1311828188], [-48.0907678089, -15.1353040619], [-48.084766261, -15.0973698966], [-48.0618542717, -15.0631569485], [-48.0557707408, -15.0316378038], [-48.0485236849, -14.9790929725], [-48.0399408798, -14.9649624833], [-48.0542411822, -14.9189707202], [-48.068022623, -14.8819402218], [-48.0357482724, -14.8513138482], [-48.012575874, -14.8226110256], [-47.907271567, -14.7983665714], [-47.8349374659, -14.7436507566], [-47.8240452365, -14.7167426921], [-47.7802988607, -14.681831534], [-47.7711592465, -14.6477817847], [-47.7589689932, -14.6396050518]]]}}, {"type": "Feature", "properties": {"name": "Água Limpa"}, "geometry": {"type": "Polygon", "coordinates": [[[-48.8465112233, -17.9073717756], [-48.7846829496, -17.9318702176], [-48.7497119753, -17.9703166964], [-48.7324358418, -18.0262557584], [-48.7152432928, -18.0766394606], [-48.7147694685, -18.1187048202], [-48.7048220013, -18.1477360007], [-48.7172641164, -18.1661681274], [-48.7100093007, -18.1935396285], [-48.7386790484, -18.2172597376], [-48.7961525335, -18.230944569], [-48.8102011907, -18.1912759127], [-48.824627043, -18.1758591839], [-48.8626863738, -18.1529026259], [-48.857740415, -18.1355336284], [-48.868306779, -18.1228412115], [-48.8814054594, -18.095111438], [-48.8829034155, -18.0748242195], [-48.866770652, -18.0333555433], [-48.863180099, -18.01419679], [-48.8562665567, -17.9806730499], [-48.8449328238, -17.9413522322], [-48.8465112233, -17.9073717756]]]}}, {"type": "Feature", "properties": {"name": "Águas Lindas de Goiás"}, "geometry": {"type": "Polygon", "coordinates": [[[-48.2409065515, -15.7054461334], [-48.2118440838, -15.7554972316], [-48.2463064354, -15.7967999332], [-48.3281897023, -15.825487339], [-48.369104806, -15.8027990375], [-48.3336325434, -15.7196120091], [-48.2515788285, -15.658753103], [-48.2409065515, -15.7054461334]]]}}, {"type": "Feature", "properties": {"name": "Alexânia"}, "geometry": {"type": "Polygon", "coordinates": [[[-48.4897175292, -15.9330632119], [-48.4271066547, -15.9865719084], [-48.3885804743, -15.9822371854], [-48.3568854995, -16.1043997031], [-48.3502008107, -16.1508344552], [-48.3664899019, -16.1948472308], [-48.3477718213, -16.2432056444], [-48.3287644165, -16.2584937491], [-48.3293780698, -16.3264571802], [-48.3656603999, -16.3229978098], [-48.37929297, -16.3003544255], [-48.4057489686, -16.2880598647], [-48.4125478433, -16.2731310605], [-48.421877361, -16.2398210138], [-48.4427646196, -16.2060819908], [-48.4776545253, -16.2003110214], [-48.5168104017, -16.188683466], [-48.5468491241, -16.1659063758], [-48.5783208507, -16.1619716399], [-48.6125160789, -16.1423817083], [-48.6206079435, -16.1005840993], [-48.6241810849, -16.0275320613], [-48.6506834619, -15.9745639038], [-48.6028086349, -15.9374651786], [-48.4897175292, -15.9330632119]]]}}, {"type": "Feature", "properties": {"name": "Aloândia"}, "geometry": {"type": "Polygon", "coordinates": [[[-49.4426024775, -17.6336603145], [-49.4112296994, -17.6545636474], [-49.4196038486, -17.7123090306], [-49.444518622, -17.7283429639], [-49.4661631532, -17.7485115518], [-49.5110325561, -17.6945317672], [-49.4426024775, -17.6336603145]]]}}, {"type": "Feature", "properties": {"name": "Alto Horizonte"}, "geometry": {"type": "Polygon", "coordinates": [[[-49.4339168597, -14.0668291003], [-49.3510522753, -14.1289997616], [-49.310439821, -14.1416867881], [-49.2741884352, -14.182982107], [-49.2921914662, -14.224005855], [-49.3108016039, -14.2419519127], [-49.3289618935, -14.2601228766], [-49.3615839919, -14.2635135807], [-49.3949361982, -14.2595816815], [-49.423628381, -14.2684610344], [-49.4408578938, -14.2791560146], [-49.4646329687, -14.2874689918], [-49.4809923007, -14.2686330493], [-49.4821870007, -14.2375027153], [-49.5009403685, -14.2260389265], [-49.5373284784, -14.2073301691], [-49.5626868157, -14.1914206398], [-49.5480735223, -14.1554480461], [-49.5643795194, -14.1415740385], [-49.5898400317, -14.1200512155], [-49.5583505714, -14.0971192437], [-49.4339168597, -14.0668291003]]]}}, {"type": "Feature", "properties": {"name": "Alto Paraíso de Goiás"}, "geometry": {"type": "Polygon", "coordinates": [[[-47.1882722517, -13.8692967883], [-47.1830192642, -13.8978222589], [-47.1760477925, -13.9415709027], [-47.179882221, -13.9778670622], [-47.1420713632, -14.0482133061], [-47.1143786907, -14.0992879456], [-47.1318565712, -14.1077317047], [-47.1420162045, -14.1149447496], [-47.1600151134, -14.1301742307], [-47.1752107745, -14.1468359152], [-47.1975489394, -14.1500514078], [-47.2301081645, -14.1401872447], [-47.2691293731, -14.1462953813], [-47.3104097846, -14.1610996249], [-47.3348289728, -14.1430316672], [-47.3721754002, -14.1356188584], [-47.440045877, -14.1607638897], [-47.4536893664, -14.1620975268], [-47.4206659573, -14.211819231], [-47.392855119, -14.2608467484], [-47.3893261844, -14.3104416573], [-47.4243788313, -14.3227419106], [-47.4566371998, -14.3524098642], [-47.4926802063, -14.4233152712], [-47.5474375128, -14.4233666432], [-47.5471109142, -14.4484120904], [-47.5638564927, -14.4564650515], [-47.5819074458, -14.4372794376], [-47.6057154827, -14.4285231445], [-47.6221914317, -14.4289009867], [-47.6611043923, -14.4550345778], [-47.6853536178, -14.4644843704], [-47.6999718779, -14.4633186285], [-47.72118533, -14.4487504917], [-47.7397175821, -14.4115329732], [-47.770107372, -14.4055717639], [-47.7966030621, -14.3901792904], [-47.8094427506, -14.3547672405], [-47.831856803, -14.3342152976], [-47.9316562778, -14.1765377607], [-47.8635796569, -14.1743285387], [-47.8469587033, -14.1693457792], [-47.7984388883, -14.1381502686], [-47.7290159302, -14.0963259347], [-47.698600656, -14.0684796781], [-47.6568574131, -14.0648136931], [-47.6004465255, -14.0554824626], [-47.5610213984, -14.036755686], [-47.4748745864, -13.961575019], [-47.2402963119, -13.905440055], [-47.2407128347, -13.8736597188], [-47.2171855227, -13.8724295411], [-47.193443492, -13.8590665089], [-47.1882722517, -13.8692967883]]]}}, {"type": "Feature", "properties": {"name": "Alvorada do Norte"}, "geometry": {"type": "Polygon", "coordinates": [[[-46.8793607041, -14.3164440354], [-46.8590203672, -14.3363591468], [-46.848383135, -14.3430076254], [-46.8156298307, -14.3436953331], [-46.7961373058, -14.376946742], [-46.7477654115, -14.3838814726], [-46.7430724136, -14.3771342489], [-46.7184052392, -14.4046345545], [-46.7256542228, -14.4167435111], [-46.7152455406, -14.4311917872], [-46.7199631857, -14.4586178608], [-46.691831197, -14.4855524707], [-46.673625756, -14.489407572], [-46.6442417052, -14.5143671678], [-46.5876610711, -14.4811411383], [-46.5673256782, -14.4643123386], [-46.5158222839, -14.4747943412], [-46.4844909417, -14.4787672041], [-46.4528859884, -14.4836514681], [-46.421352525, -14.4827276208], [-46.3821287804, -14.4819956864], [-46.3830279233, -14.5149809549], [-46.3701970088, -14.5752906585], [-46.3839884997, -14.5902143094], [-46.3912384345, -14.5983642702], [-46.4211040652, -14.6359350601], [-46.4843067811, -14.6420641896], [-46.5092948637, -14.7156318711], [-46.5437624936, -14.7525678869], [-46.5600496014, -14.8145696515], [-46.6183258406, -14.8178726682], [-46.6310732674, -14.7841229694], [-46.6591612045, -14.7705368409], [-46.6671309974, -14.7506769738], [-46.6673279897, -14.7159175512], [-46.6862982229, -14.6436166213], [-46.701465378, -14.6115039471], [-46.7150444017, -14.597397117], [-46.7286812638, -14.5980686928], [-46.7469947246, -14.5968133607], [-46.7523794338, -14.5856065206], [-46.7731321893, -14.5818721374], [-46.8012474985, -14.561982161], [-46.8193830245, -14.5575188846], [-46.840291954, -14.5516992502], [-46.8459641213, -14.540857402], [-46.8544328094, -14.53212675], [-46.8589965448, -14.5224462455], [-46.8710203859, -14.5012489855], [-46.8595236899, -14.4573674663], [-46.8681286504, -14.4358398706], [-46.8860805746, -14.426250446], [-46.8721593463, -14.4052037176], [-46.876183201, -14.3849090819], [-46.8791600642, -14.3597999529], [-46.8818797921, -14.3164606345], [-46.8793607041, -14.3164440354]]]}}, {"type": "Feature", "properties": {"name": "Amaralina"}, "geometry": {"type": "Polygon", "coordinates": [[[-49.898665468, -13.6868392718], [-49.8544406109, -13.695591955], [-49.8384099179, -13.6855479047], [-49.8124715811, -13.6968068828], [-49.8078257505, -13.703152131], [-49.7887105499, -13.7227851335], [-49.7616138571, -13.7223229048], [-49.7191396363, -13.7276764966], [-49.705051266, -13.7467166677], [-49.6791876692, -13.7380258232], [-49.6561086067, -13.7233494622], [-49.6278316124, -13.7389448116], [-49.6060579148, -13.7536247696], [-49.590187022, -13.7574339328], [-49.5762723173, -13.7592405783], [-49.5913856439, -13.7782720615], [-49.5614418386, -13.7933203174], [-49.532413924, -13.8253881609], [-49.497751447, -13.8297084564], [-49.4575511323, -13.8113323415], [-49.4230536169, -13.8199697249], [-49.3901937132, -13.7932348399], [-49.3126391387, -13.7731172972], [-49.2775805717, -13.7990144484], [-49.2200805465, -13.861031475], [-49.2518819425, -13.9095971406], [-49.2833305185, -13.974089394], [-49.3235053975, -13.9980020263], [-49.3575219827, -13.9772390268], [-49.365459561, -13.9500878319], [-49.3887747108, -13.9617508175], [-49.4537461129, -13.9903715955], [-49.5487294552, -13.9618857545], [-49.611382103, -13.9054454563], [-49.6537218756, -13.8607088797], [-49.710356084, -13.854463747], [-49.7791982867, -13.8463256786], [-49.8259381457, -13.9103741507], [-49.855135756, -13.9149998054], [-49.9224660724, -13.885560769], [-49.9496594105, -13.9011186036], [-49.9426403311, -13.9141699135], [-49.9604662964, -13.8671145502], [-49.9409383443, -13.8237270716], [-49.9270816504, -13.7965598364], [-49.9357172093, -13.7470622886], [-49.9622744359, -13.7131251061], [-49.9511304502, -13.6954673142], [-49.9250022713, -13.6860429544], [-49.9119164489, -13.6866394218], [-49.898665468, -13.6868392718]]]}}, {"type": "Feature", "properties": {"name": "Americano do Brasil"}, "geometry": {"type": "Polygon", "coordinates": [[[-50.0471051396, -16.2244169936], [-49.9738500711, -16.2366128333], [-49.8974121353, -16.2300370446], [-49.8806617493, -16.2580087797], [-49.9589706391, -16.2598959597], [-49.9823564583, -16.3100310326], [-49.986611133, -16.3282310744], [-50.0302937685, -16.3011749878], [-50.0480745919, -16.2653250736], [-50.105460058, -16.2458599759], [-50.0471051396, -16.2244169936]]]}}, {"type": "Feature", "properties": {"name": "Amorinópolis"}, "geometry": {"type": "Polygon", "coordinates": [[[-51.2205270394, -16.5033534727], [-51.1731133464, -16.5193399338], [-51.1193729872, -16.5128448129], [-51.0633554272, -16.5309778957], [-51.0524754291, -16.5557506623], [-51.0301122652, -16.6253891109], [-51.0181110144, -16.65273743], [-51.0234433091, -16.6813467664], [-51.0436072362, -16.7398677981], [-51.0568811893, -16.8208607381], [-51.0647794337, -16.8051055831], [-51.0880548374, -16.7826084205], [-51.1050770772, -16.7435623081], [-51.1143037076, -16.6990524669], [-51.1200480974, -16.6748400598], [-51.1370152604, -16.6329292107], [-51.1827719024, -16.6454060555], [-51.2028846642, -16.5796043299], [-51.2442180695, -16.5448872779], [-51.2205270394, -16.5033534727]]]}}, {"type": "Feature", "properties": {"name": "Anápolis"}, "geometry": {"type": "Polygon", "coordinates": [[[-49.1485051588, -16.124077051], [-49.0830775409, -16.1397068969], [-49.0285172444, -16.1377983886], [-48.9960506293, -16.133618802], [-48.9308006126, -16.1504345099], [-48.948582089, -16.2088846041], [-48.9333879338, -16.2284899683], [-48.8479921152, -16.2264906651], [-48.8050994335, -16.268863463], [-48.7673250897, -16.3071196045], [-48.7497938443, -16.3749634302], [-48.853745263, -16.4034215982], [-48.8954588287, -16.4030590882], [-48.9960203216, -16.4851489911], [-49.0110764949, -16.3984099308], [-49.0488060332, -16.3771582205], [-49.0905792972, -16.3857420661], [-49.0990984752, -16.4066876197], [-49.1554114145, -16.3883411281], [-49.168321424, -16.3162804791], [-49.0739845636, -16.3409762287], [-49.0441122923, -16.3444043168], [-49.0424194455, -16.3011816346], [-49.0211456577, -16.2682195771], [-49.06596164, -16.2451007367], [-49.1251720762, -16.2287348409], [-49.1562189398, -16.1932192617], [-49.1917580551, -16.1435559553], [-49.1485051588, -16.124077051]]]}}, {"type": "Feature", "properties": {"name": "Anhanguera"}, "geometry": {"type": "Polygon", "coordinates": [[[-48.2238776675, -18.2774104894], [-48.1696243407, -18.3170759168], [-48.2034834366, -18.3389994065], [-48.2549489816, -18.3435287604], [-48.2618755255, -18.2952305405], [-48.2238776675, -18.2774104894]]]}}, {"type": "Feature", "properties": {"name": "Anicuns"}, "geometry": {"type": "Polygon", "coordinates": [[[-49.9352746893, -16.2444848364], [-49.8781321778, -16.2751789543], [-49.8362403566, -16.2760091001], [-49.7853843422, -16.2981755904], [-49.7487709801, -16.338938773], [-49.762157336, -16.3670746479], [-49.8198290826, -16.3810391679], [-49.8178537299, -16.4195555669], [-49.8146943168, -16.4642313345], [-49.8312157761, -16.4966414105], [-49.8919458539, -16.5227826135], [-49.9035898516, -16.5328247809], [-49.9249235009, -16.53878694], [-49.9745746988, -16.5682421762], [-50.0438560601, -16.5194850179], [-50.0834106026, -16.4916554338], [-50.1291898685, -16.5025204692], [-50.1586295169, -16.4557357496], [-50.1618286287, -16.4190451722], [-50.1486284838, -16.3739768418], [-50.1331116002, -16.3364270987], [-50.0731390659, -16.2907356813], [-50.0299652317, -16.2799139406], [-50.0129656908, -16.3171296993], [-49.9828636518, -16.3261580022], [-49.9770482217, -16.2794216826], [-49.9352746893, -16.2444848364]]]}}, {"type": "Feature", "properties": {"name": "Aparecida de Goiânia"}, "geometry": {"type": "Polygon", "coordinates": [[[-49.2202722038, -16.7387323523], [-49.1597925371, -16.7899581729], [-49.1707962538, -16.8159038088], [-49.1573823197, -16.8397327802], [-49.1459889028, -16.8730257127], [-49.1713536854, -16.8840447343], [-49.2107996061, -16.862237243], [-49.2616308042, -16.8449792918], [-49.3209068726, -16.8815781162], [-49.3688778324, -16.8896756123], [-49.3776059158, -16.8636037816], [-49.3650258956, -16.8178089108], [-49.3477732874, -16.7552847129], [-49.3028069539, -16.7467501385], [-49.2431525199, -16.733531502], [-49.2202722038, -16.7387323523]]]}}, {"type": "Feature", "properties": {"name": "Aparecida do Rio Doce"}, "geometry": {"type": "Polygon", "coordinates": [[[-51.2351051098, -18.0946397842], [-51.1507150652, -18.140088236], [-51.1321318158, -18.1678580297], [-51.1227480274, -18.1971422992], [-51.131027128, -18.2382550528], [-51.1327428136, -18.2541396182], [-51.1240247811, -18.2822787998], [-51.1464263212, -18.3013107813], [-51.1695516579, -18.294321012], [-51.1993769857, -18.3241865612], [-51.2265212513, -18.3473754394], [-51.2697754203, -18.3356502888], [-51.2825245482, -18.3233178855], [-51.3924965135, -18.2582205401], [-51.4553526476, -18.2207482984], [-51.4394373816, -18.1839048231], [-51.4467191849, -18.170846715], [-51.3777515099, -18.1920012025], [-51.322911836, -18.1515965279], [-51.2804726935, -18.0838139477], [-51.2351051098, -18.0946397842]]]}}, {"type": "Feature", "properties": {"name": "Aporé"}, "geometry": {"type": "Polygon", "coordinates": [[[-52.2939724509, -18.4916794075], [-52.2749944151, -18.5023097763], [-52.2586930135, -18.5064042837], [-52.2470556198, -18.507463687], [-52.222280846, -18.5082422839], [-52.1991622709, -18.5037620335], [-52.1751934713, -18.5048266286], [-52.1391365146, -18.5058898275], [-52.104399354, -18.5172568669], [-52.054798543, -18.5132081158], [-52.0219392327, -18.553919545], [-51.9908333415, -18.5681927618], [-51.9752182616, -18.5867548786], [-51.9520938071, -18.5969147728], [-51.9205002662, -18.6223088454], [-51.8931919786, -18.6478910707], [-51.8827960762, -18.6658557806], [-51.8415135519, -18.6964114839], [-51.8230504077, -18.7119639652], [-51.8082451853, -18.7241188644], [-51.7965210886, -18.741216796], [-51.7490821417, -18.7629111923], [-51.6899400839, -18.7631645881], [-51.6665829078, -18.7644619574], [-51.6640529135, -18.7809376795], [-51.7236055908, -18.8327033756], [-51.6909080305, -19.0932297262], [-51.7108233284, -19.1080252782], [-51.7311590563, -19.0985975366], [-51.741384368, -19.0896188825], [-51.7908541436, -19.0776756123], [-51.8408346763, -19.0566855767], [-51.8483010954, -19.0464228511], [-51.8822768736, -19.0194265309], [-51.9142726215, -18.9831763362], [-51.9455743625, -18.9747052449], [-51.9648618531, -18.9700944781], [-51.9777184981, -18.9803564703], [-52.0077163995, -18.9765901128], [-52.0181614511, -18.9630418705], [-52.0447483676, -18.9500538048], [-52.0879932176, -18.9414374342], [-52.1065525198, -18.9230562377], [-52.1112256311, -18.8988459279], [-52.156693454, -18.8879789989], [-52.165522319, -18.8650638494], [-52.1864980232, -18.8454282293], [-52.2188350395, -18.8421016011], [-52.2944704093, -18.8288262964], [-52.3374763282, -18.8214929559], [-52.353551366, -18.7997527931], [-52.3789437254, -18.7871766029], [-52.4114402989, -18.7455278959], [-52.4486344538, -18.6905127414], [-52.3976925449, -18.6039688779], [-52.2898544677, -18.5868271614], [-52.311791614, -18.5013780078], [-52.2939724509, -18.4916794075]]]}}, {"type": "Feature", "properties": {"name": "Araçu"}, "geometry": {"type": "Polygon", "coordinates": [[[-49.6762187983, -16.295437388], [-49.6534361145, -16.3552459997], [-49.6567147755, -16.4223399381], [-49.686853982, -16.4395640112], [-49.7086890285, -16.4669493578], [-49.7517061942, -16.4611698047], [-49.7220493599, -16.4407435972], [-49.7257663455, -16.4085060397], [-49.7344943501, -16.3812124791], [-49.7271328947, -16.3344989489], [-49.7378310433, -16.3086496438], [-49.7350491426, -16.2824023034], [-49.686795026, -16.273601641], [-49.6762187983, -16.295437388]]]}}, {"type": "Feature", "properties": {"name": "Aragarças"}, "geometry": {"type": "Polygon", "coordinates": [[[-51.9115548387, -15.8131324051], [-51.8646646997, -15.8266999767], [-51.8425776271, -15.851563697], [-51.8518043738, -15.8950287743], [-51.8529165873, -15.9171044752], [-51.8400047762, -15.9565546715], [-51.8528861001, -15.9459649136], [-52.3081921255, -16.1632754503], [-52.3371931454, -16.1337477475], [-52.3605541476, -16.0815241272], [-52.3228870392, -16.0371428745], [-52.2648312915, -15.9465376486], [-52.2353003603, -15.8885308836], [-52.1280556115, -15.894515205], [-52.057633426, -15.8869736104], [-51.9593302182, -15.8398179636], [-51.9115548387, -15.8131324051]]]}}, {"type": "Feature", "properties": {"name": "Aragoiânia"}, "geometry": {"type": "Polygon", "coordinates": [[[-49.3786029427, -16.8396060739], [-49.3747239987, -16.8781249106], [-49.3665982541, -16.9156507621], [-49.3649380313, -16.9642130655], [-49.3684358259, -17.0076223714], [-49.3964921535, -17.033445324], [-49.4740185064, -17.0279974228], [-49.4694350364, -16.9916469303], [-49.4702201609, -16.8983741359], [-49.4295170901, -16.8607156635], [-49.3841787832, -16.8347783702], [-49.3786029427, -16.8396060739]]]}}, {"type": "Feature", "properties": {"name": "Araguapaz"}, "geometry": {"type": "Polygon", "coordinates": [[[-50.7993924041, -14.9014571074], [-50.7704853916, -14.9549148674], [-50.6988417565, -14.9590522419], [-50.6237432972, -14.986405528], [-50.576385265, -15.0210833433], [-50.509556107, -15.0563497723], [-50.4632766645, -15.0438790866], [-50.3140765413, -14.9434272201], [-50.280051544, -14.9505800037], [-50.2421010394, -14.9824281705], [-50.2000545307, -15.0218846223], [-50.1988271834, -15.0487192687], [-50.1639126276, -15.0645865746], [-50.1402206976, -15.0826858621], [-50.1241086462, -15.0917737248], [-50.111683084, -15.115455462], [-50.0781272165, -15.1359441336], [-50.0352437192, -15.1452746423], [-50.0408831255, -15.2015520115], [-50.1081637005, -15.2355672782], [-50.1431299646, -15.2401019018], [-50.2328592392, -15.2389867703], [-50.262491535, -15.2458073151], [-50.3047981098, -15.2648446887], [-50.3351570625, -15.2961085941], [-50.3826316486, -15.3257674067], [-50.4398133579, -15.3689690017], [-50.4652716952, -15.3406507369], [-50.5114655848, -15.3183925313], [-50.5515774491, -15.2939224643], [-50.5790223154, -15.2828092951], [-50.6082685955, -15.2596457863], [-50.6403562246, -15.2475676863], [-50.6723566257, -15.2487648128], [-50.7024747969, -15.2653453381], [-50.7300521734, -15.226876913], [-50.7300558031, -15.161392207], [-50.7159140446, -15.120771364], [-50.7224145505, -15.0833563871], [-50.7502763371, -15.0596236289], [-50.7656371565, -15.0371800436], [-50.7890230771, -15.0218506904], [-50.8142507945, -15.0013472224], [-50.8162217434, -14.9861768159], [-50.8265254273, -14.9653413748], [-50.8312224124, -14.939908403], [-50.8157445935, -14.9159719715], [-50.7993924041, -14.9014571074]]]}}, {"type": "Feature", "properties": {"name": "Arenópolis"}, "geometry": {"type": "Polygon", "coordinates": [[[-51.7694195352, -16.0749481548], [-51.7164457602, -16.0949723561], [-51.6737450355, -16.1294524478], [-51.638859177, -16.1636928031], [-51.6010496325, -16.2242980626], [-51.5365517852, -16.25762629], [-51.4703913911, -16.3013308366], [-51.4387733219, -16.3156132555], [-51.4181094015, -16.3691585228], [-51.4153594791, -16.3944050774], [-51.3983918468, -16.429793772], [-51.3813551097, -16.4421009154], [-51.3995833608, -16.4677779768], [-51.4214136584, -16.4897109167], [-51.4557207982, -16.528512071], [-51.5001645973, -16.535092549], [-51.5025240215, -16.5701183112], [-51.5232179109, -16.592515507], [-51.5416883073, -16.6235241022], [-51.5684912842, -16.6491161585], [-51.5927482753, -16.60659441], [-51.5809713205, -16.5487729377], [-51.6368078049, -16.5050960067], [-51.6438019395, -16.4743350817], [-51.667166493, -16.4449237617], [-51.657383305, -16.4072101787], [-51.6382718557, -16.3770522467], [-51.658076665, -16.3475274126], [-51.6714994665, -16.2879621515], [-51.6828363997, -16.2429785475], [-51.7088324418, -16.2268064897], [-51.7333309129, -16.22104689], [-51.7539954324, -16.1851761014], [-51.7867229947, -16.1320433668], [-51.8058836241, -16.0924495404], [-51.8248590318, -16.0512137794], [-51.7844093696, -16.0472197824], [-51.7694195352, -16.0749481548]]]}}, {"type": "Feature", "properties": {"name": "Aruanã"}, "geometry": {"type": "Polygon", "coordinates": [[[-50.8481915529, -14.1212011826], [-50.8163995225, -14.1609204978], [-50.7998277029, -14.2015744021], [-50.7828777642, -14.2206993132], [-50.7671671036, -14.2707712145], [-50.7655776972, -14.3042087143], [-50.7670797337, -14.3370482212], [-50.7952492806, -14.3583520463], [-50.798578696, -14.3933090239], [-50.8181625172, -14.4064013058], [-50.8392436594, -14.4484377639], [-50.8398618818, -14.4682064585], [-50.8591433552, -14.525205463], [-50.8587792065, -14.5569197792], [-50.872796837, -14.5688781828], [-50.8782723979, -14.5859925773], [-50.8640329966, -14.6198374096], [-50.8453026238, -14.6342475462], [-50.8663841209, -14.6480797844], [-50.8727701606, -14.6664722033], [-50.8593058174, -14.6808326053], [-50.841550642, -14.7004046654], [-50.8424153931, -14.7235504211], [-50.8384140475, -14.7452669166], [-50.8277166273, -14.7680304759], [-50.824774838, -14.7881506367], [-50.8142497904, -14.8437626824], [-50.8135825348, -14.9095988348], [-50.8255764337, -14.9351269638], [-50.8305763098, -14.9547808182], [-50.8184142407, -14.9826576744], [-50.8205516313, -14.9984639733], [-50.7951124251, -15.0350609804], [-50.7728869574, -15.0534189024], [-50.7407215468, -15.1060584086], [-50.8031954274, -15.2012847267], [-50.8764928748, -15.2018163243], [-50.9134913531, -15.2151955482], [-50.9101382508, -15.3210153427], [-50.962635881, -15.3124443582], [-51.0062741365, -15.3168966181], [-51.0243242245, -15.2977108411], [-51.0498015658, -15.2545594283], [-51.0681139445, -15.252491014], [-51.0703538161, -15.2392647783], [-51.0884132715, -15.2291478546], [-51.1075837365, -15.2227411072], [-51.1226142987, -15.2215607508], [-51.1362249032, -15.2221884856], [-51.1503298954, -15.2073156663], [-51.1625194549, -15.2219664328], [-51.1763882006, -15.2021179459], [-51.1681109044, -15.1980860203], [-51.1589700329, -15.1647838645], [-51.1444967416, -15.1517458034], [-51.1501886484, -15.1352851346], [-51.1252123144, -15.1158350376], [-51.1205299863, -15.077041788], [-51.1111619472, -15.0505731576], [-51.1319656213, -15.0337950135], [-51.1341916921, -15.0085364097], [-51.1198800338, -14.9800254454], [-51.1040225704, -14.9395339707], [-51.0819279369, -14.9100405874], [-51.0901678219, -14.8477156304], [-51.052081014, -14.7639922138], [-51.0267429356, -14.7063591635], [-50.9969163474, -14.6255369212], [-50.9724668991, -14.500170346], [-50.9986097304, -14.4187967666], [-50.9893888993, -14.3622667073], [-50.9617681007, -14.2504196969], [-50.9181655276, -14.1253631516], [-50.8673637707, -14.1246645541], [-50.8481915529, -14.1212011826]]]}}, {"type": "Feature", "properties": {"name": "Aurilândia"}, "geometry": {"type": "Polygon", "coordinates": [[[-50.5889689693, -16.5046761742], [-50.5553537773, -16.5186260127], [-50.5397701453, -16.5692138322], [-50.5231107019, -16.6087259977], [-50.4875202302, -16.6426863993], [-50.4649672595, -16.6665301964], [-50.424536129, -16.6338784939], [-50.3910765881, -16.6289974686], [-50.3687962352, -16.682053545], [-50.4001479334, -16.7158728822], [-50.4401592132, -16.7831541624], [-50.5063579801, -16.8111749807], [-50.5355486713, -16.8132279024], [-50.5757111236, -16.8474922625], [-50.6482688884, -16.8023966565], [-50.6077466353, -16.7558850238], [-50.5844968557, -16.701278384], [-50.6075810798, -16.6724722334], [-50.6560477714, -16.611941256], [-50.5940249671, -16.505311586], [-50.5889689693, -16.5046761742]]]}}, {"type": "Feature", "properties": {"name": "Avelinópolis"}, "geometry": {"type": "Polygon", "coordinates": [[[-49.7720494808, -16.425797223], [-49.7517061942, -16.4611698047], [-49.7086890285, -16.4669493578], [-49.6954063062, -16.5214833472], [-49.7281616322, -16.5704601985], [-49.7818274911, -16.5392561115], [-49.840104302, -16.4835541405], [-49.8137480976, -16.4603617244], [-49.8186570138, -16.4060446639], [-49.7720494808, -16.425797223]]]}}, {"type": "Feature", "properties": {"name": "Baliza"}, "geometry": {"type": "Polygon", "coordinates": [[[-52.3554687167, -16.0943361947], [-52.3324027436, -16.1375233615], [-52.2992773953, -16.1666371043], [-52.2696065898, -16.1964260025], [-52.3011366994, -16.2413873619], [-52.3085859929, -16.2827602359], [-52.2773801824, -16.3288363361], [-52.2332437387, -16.3383761307], [-52.2530798944, -16.3905698723], [-52.250607944, -16.4389997399], [-52.2000258081, -16.4539916158], [-52.2322209773, -16.5383600296], [-52.2920030192, -16.5839653186], [-52.3268274127, -16.5739142541], [-52.3483266469, -16.5447715034], [-52.4121348666, -16.5532803031], [-52.4416048329, -16.5454808456], [-52.48185902, -16.561650578], [-52.5156386919, -16.5480333693], [-52.5803364583, -16.5359436229], [-52.5907558415, -16.5346690578], [-52.6347454212, -16.5121672924], [-52.6059672226, -16.4757118091], [-52.6209183247, -16.4566303765], [-52.6406379682, -16.4162830471], [-52.6870526754, -16.3907840737], [-52.6927212351, -16.3507045687], [-52.6816715198, -16.3036240507], [-52.6473012969, -16.2849695429], [-52.5856627001, -16.2665424185], [-52.5472061934, -16.2619385722], [-52.5475038211, -16.2245891518], [-52.5481367281, -16.1646763896], [-52.5002468375, -16.1422609827], [-52.4579423321, -16.1270552399], [-52.3671054683, -16.0840277314], [-52.3554687167, -16.0943361947]]]}}, {"type": "Feature", "properties": {"name": "Barro Alto"}, "geometry": {"type": "Polygon", "coordinates": [[[-48.7531322939, -14.6592031392], [-48.7243037189, -14.6849289262], [-48.7189077557, -14.7350082363], [-48.7276861975, -14.778882428], [-48.7264661753, -14.8035166992], [-48.7502113645, -14.834125956], [-48.7620727393, -14.8743883117], [-48.771359174, -14.9063073701], [-48.8061751515, -14.9506689043], [-48.8082811773, -15.0056042418], [-48.8470472546, -15.0541261791], [-48.8614645438, -15.091361083], [-48.8842689262, -15.1230839737], [-48.9247174509, -15.1591278119], [-49.0044400471, -15.137876731], [-49.0535332935, -15.1455665789], [-49.0566649614, -15.1147345859], [-49.004691198, -15.0736698636], [-49.0260202743, -15.020944159], [-49.051382733, -14.9773350748], [-49.0325571161, -14.9563608499], [-48.9745472453, -14.8930142932], [-48.8952716641, -14.7817630756], [-48.9123274052, -14.7352343328], [-48.9455790998, -14.6837894976], [-48.8960192294, -14.6768451452], [-48.8611035261, -14.6875257346], [-48.8177723944, -14.6760745957], [-48.7971567165, -14.6599805706], [-48.7714376599, -14.642324399], [-48.7531322939, -14.6592031392]]]}}, {"type": "Feature", "properties": {"name": "Bela Vista de Goiás"}, "geometry": {"type": "Polygon", "coordinates": [[[-48.8251124077, -16.7783472543], [-48.8297112493, -16.793560656], [-48.7870145992, -16.8355479572], [-48.8033219131, -16.8909442955], [-48.7859066809, -16.9154744957], [-48.7761274056, -16.9634747566], [-48.7512685169, -17.0169140089], [-48.7081003669, -17.0674389357], [-48.6794654263, -17.1044744457], [-48.66423585, -17.1232974299], [-48.6469366027, -17.1492042687], [-48.6518566325, -17.1782917708], [-48.7029669465, -17.1579708455], [-48.755473389, -17.168832766], [-48.8111864303, -17.1572656397], [-48.8216289253, -17.1204573804], [-48.8489701409, -17.0548449893], [-48.9163840758, -17.0207215752], [-48.9386048459, -17.0543854795], [-48.982096368, -17.0920189736], [-49.05088456, -17.052333502], [-49.0986317353, -17.050756296], [-49.0807401275, -17.0250202863], [-49.0690729928, -17.0070234379], [-49.0621292213, -16.9848879092], [-49.0856849032, -16.9594395581], [-49.1054680535, -16.9466511664], [-49.1134649858, -16.9137076151], [-49.1404311705, -16.8873924652], [-49.1463014703, -16.8483656572], [-49.1339972454, -16.8271369506], [-49.0960737538, -16.7723473213], [-49.0602718964, -16.8045373741], [-49.0635471858, -16.8252936914], [-49.0296320775, -16.8178195989], [-48.9884386262, -16.7983771435], [-48.9253225576, -16.7866306354], [-48.8682018304, -16.7673814258], [-48.8251124077, -16.7783472543]]]}}, {"type": "Feature", "properties": {"name": "Bom Jardim de Goiás"}, "geometry": {"type": "Polygon", "coordinates": [[[-51.8284175944, -16.0817228508], [-51.8674961231, -16.0896668456], [-51.8943630236, -16.1177083529], [-51.90313615, -16.162609844], [-51.8842301597, -16.2025873055], [-51.9020824533, -16.2251359707], [-51.9172220272, -16.2378044558], [-51.937331619, -16.2509440338], [-51.9624170504, -16.2831334466], [-51.9747175425, -16.300582475], [-51.9980521174, -16.3080219878], [-52.0394192844, -16.3486147604], [-52.0949430299, -16.4004726317], [-52.1381895707, -16.4424115245], [-52.1293054059, -16.4680547238], [-52.1762042782, -16.4613974975], [-52.2100849383, -16.4618819231], [-52.2633359815, -16.4332295551], [-52.2351129715, -16.3846795986], [-52.2444417834, -16.3451900513], [-52.3103093406, -16.322712386], [-52.2996503528, -16.2782371031], [-52.2906060775, -16.2343924094], [-52.2790004081, -16.1955185216], [-52.1696830958, -16.0431096501], [-51.8392041504, -15.9800695825], [-51.8251806528, -16.0303604328], [-51.8371085006, -16.0704902105], [-51.8284175944, -16.0817228508]]]}}, {"type": "Feature", "properties": {"name": "Bom Jesus de Goiás"}, "geometry": {"type": "Polygon", "coordinates": [[[-49.8352996474, -18.0087042658], [-49.7840608666, -18.0629555381], [-49.6621290992, -18.0818050749], [-49.5833286696, -18.148182571], [-49.5482699743, -18.2049727879], [-49.5650713043, -18.2493925626], [-49.5780445221, -18.2819485721], [-49.5946815166, -18.2891600622], [-49.6012972286, -18.3041721932], [-49.697489654, -18.2458341934], [-49.7597666448, -18.2129970658], [-49.7985645701, -18.2316997679], [-49.8346363753, -18.2513295707], [-49.8666324673, -18.2752099914], [-49.9052685006, -18.2984903047], [-49.9250470249, -18.3086787308], [-49.9504311906, -18.3301467038], [-49.9753476128, -18.3497062948], [-50.0088520783, -18.3708888359], [-50.0270470891, -18.3939034506], [-50.0469359894, -18.3887993364], [-50.0982086268, -18.3300534442], [-50.1055220449, -18.2818740167], [-50.128492491, -18.2403026869], [-50.1429333241, -18.2026942839], [-50.1593240625, -18.1581747921], [-50.175308372, -18.1153840421], [-50.1414189765, -18.104327001], [-50.1314956978, -18.1184611569], [-50.0918835325, -18.1238613112], [-50.0698786729, -18.1079438098], [-50.0383311195, -18.0933494715], [-50.0059623886, -18.1197184549], [-50.005293613, -18.0995947012], [-49.9796835909, -18.0996659529], [-49.9644907149, -18.0896923764], [-49.946015468, -18.0736152503], [-49.9261267403, -18.0547256512], [-49.8988241609, -18.0271694904], [-49.876045074, -18.0187686468], [-49.863856146, -18.0054380057], [-49.8352996474, -18.0087042658]]]}}, {"type": "Feature", "properties": {"name": "Bonfinópolis"}, "geometry": {"type": "Polygon", "coordinates": [[[-48.9941576932, -16.5768773741], [-48.9333293139, -16.6178160992], [-49.0045989213, -16.6354358757], [-49.0228297255, -16.6465481603], [-49.0706640862, -16.6294593847], [-49.0775757432, -16.5930394156], [-49.046545319, -16.5557693136], [-49.0070769111, -16.5458279611], [-48.9941576932, -16.5768773741]]]}}, {"type": "Feature", "properties": {"name": "Bonópolis"}, "geometry": {"type": "Polygon", "coordinates": [[[-49.6394984497, -13.3595586376], [-49.6129692166, -13.4217769826], [-49.5712500462, -13.4684753921], [-49.5560782815, -13.5033419695], [-49.5494981545, -13.5372555389], [-49.6084931767, -13.6019281657], [-49.6480810855, -13.6554547313], [-49.689657948, -13.6842175292], [-49.7290023843, -13.7217627101], [-49.7651125356, -13.7292849205], [-49.7931081248, -13.7202044133], [-49.8137772005, -13.7060290228], [-49.8255244213, -13.6871927266], [-49.8369384997, -13.6913493134], [-49.8560296678, -13.6877002415], [-49.8996619692, -13.6825830361], [-49.91413662, -13.6897186765], [-49.9301916908, -13.6932317577], [-49.9530204111, -13.7067856625], [-49.9958843625, -13.6843411401], [-50.0563030932, -13.7057023327], [-50.0972470724, -13.6730905371], [-50.1180253596, -13.6888521819], [-50.1491035663, -13.6601907391], [-50.1954191782, -13.6514852545], [-50.2161867334, -13.6504570099], [-50.2440214613, -13.643258599], [-50.2397459889, -13.5980210832], [-50.2748544608, -13.5791853763], [-50.2509072013, -13.5564056294], [-50.2301415957, -13.5427442431], [-50.1821927104, -13.5479972514], [-50.142303356, -13.5365355624], [-50.0972777231, -13.5104097178], [-50.056500161, -13.5227979407], [-50.0328350501, -13.5108071928], [-50.0152173265, -13.4958162835], [-49.998109463, -13.4863731759], [-49.9711912938, -13.4974532947], [-49.9382781589, -13.4915379749], [-49.9001904521, -13.503100708], [-49.857053059, -13.4988251553], [-49.826771866, -13.4567800358], [-49.7932752455, -13.4555652455], [-49.7747316112, -13.4381387787], [-49.752550393, -13.4293821919], [-49.7305776497, -13.4228095677], [-49.6907497898, -13.3905475846], [-49.6501323799, -13.3616351764], [-49.6394984497, -13.3595586376]]]}}, {"type": "Feature", "properties": {"name": "Brazabrantes"}, "geometry": {"type": "Polygon", "coordinates": [[[-49.3363565747, -16.2921366903], [-49.3647692167, -16.3334960764], [-49.3339392194, -16.406657654], [-49.3540428035, -16.454783518], [-49.3962428811, -16.4439065488], [-49.4529894193, -16.3876383312], [-49.3969323182, -16.332610338], [-49.3459640648, -16.2926270928], [-49.3363565747, -16.2921366903]]]}}, {"type": "Feature", "properties": {"name": "Britânia"}, "geometry": {"type": "Polygon", "coordinates": [[[-51.0916687482, -14.9304382959], [-51.1190808637, -14.9598286352], [-51.1247753686, -14.990324543], [-51.1391676516, -15.0300308281], [-51.1223581521, -15.0532212381], [-51.1138046089, -15.0647682611], [-51.1187511356, -15.106928469], [-51.1366644538, -15.1205346163], [-51.1478845949, -15.1455134135], [-51.1548296491, -15.1562456088], [-51.1606116293, -15.1881693919], [-51.174863132, -15.1928632885], [-51.1657900928, -15.2185138913], [-51.1591393659, -15.2140723235], [-51.141509982, -15.2182067915], [-51.1316720038, -15.2179398831], [-51.1135786121, -15.2206072712], [-51.0990839231, -15.2262245648], [-51.077548354, -15.2339818326], [-51.0684457965, -15.2440721281], [-51.0644959303, -15.2628890131], [-51.0507182258, -15.2985961078], [-51.0368819423, -15.3186228706], [-51.0340806271, -15.3322885042], [-51.0224143069, -15.3445370857], [-51.0124408011, -15.3423909773], [-50.9937733601, -15.3660997361], [-50.9636074915, -15.3901706133], [-50.9584096041, -15.422731445], [-50.9411875587, -15.4259567486], [-51.115353219, -15.4292643451], [-51.1732703989, -15.4416461459], [-51.2131665243, -15.4753850844], [-51.2569185283, -15.4875258638], [-51.3014137786, -15.4105730322], [-51.2303061931, -15.270314114], [-51.3891437639, -15.1568187264], [-51.4031303667, -15.1359496179], [-51.4055816016, -15.1121382519], [-51.3995924908, -15.0701387502], [-51.3951382144, -15.0360774984], [-51.3469433041, -14.9897445981], [-51.2981671885, -15.0219079211], [-51.1503055291, -14.9833133539], [-51.1023531706, -14.9260771289], [-51.0916687482, -14.9304382959]]]}}, {"type": "Feature", "properties": {"name": "Buriti Alegre"}, "geometry": {"type": "Polygon", "coordinates": [[[-49.0588482245, -17.9482340445], [-49.0102120003, -17.9768671423], [-48.9812942366, -17.9789121017], [-48.941463617, -18.0135552343], [-48.9296830117, -18.0455032063], [-48.919878609, -18.0664579971], [-48.9097711035, -18.0806303611], [-48.8936047975, -18.0935856895], [-48.87884964, -18.106643143], [-48.8665147176, -18.1264903978], [-48.8592911041, -18.1429440594], [-48.8439638807, -18.1649297474], [-48.8365469957, -18.1830947418], [-48.8033227231, -18.2115061969], [-48.8184082762, -18.263708518], [-48.865847278, -18.2936239497], [-48.9027384271, -18.2778572835], [-48.9363170899, -18.3057490973], [-48.9924318969, -18.2774281577], [-48.9946556934, -18.2448071892], [-49.0069101975, -18.2207924812], [-49.0221598659, -18.2014005664], [-49.0953388283, -18.1282947178], [-49.1560293825, -18.130268459], [-49.2456840387, -18.1661366668], [-49.2360447208, -18.1464920866], [-49.2209834523, -18.1190896097], [-49.205269511, -18.1006169471], [-49.1818183849, -18.0564403944], [-49.1692988357, -18.0302389926], [-49.1743015504, -17.9886032812], [-49.0851309595, -17.9551511915], [-49.0588482245, -17.9482340445]]]}}, {"type": "Feature", "properties": {"name": "Buriti de Goiás"}, "geometry": {"type": "Polygon", "coordinates": [[[-50.3549426166, -16.0784328325], [-50.3754125541, -16.1136328673], [-50.3731624847, -16.1432305058], [-50.3893207394, -16.1566231999], [-50.3925215634, -16.1878760742], [-50.4137682782, -16.20935339], [-50.4491611038, -16.2282712437], [-50.4571961526, -16.2527942574], [-50.5039991945, -16.2318671102], [-50.5304130038, -16.2283977676], [-50.5180568314, -16.174863204], [-50.4399391447, -16.1127289687], [-50.3975738283, -16.0813674509], [-50.3549426166, -16.0784328325]]]}}, {"type": "Feature", "properties": {"name": "Buritinópolis"}, "geometry": {"type": "Polygon", "coordinates": [[[-46.1951810184, -14.3568260164], [-46.1697065305, -14.4364484231], [-46.2509128685, -14.4445932087], [-46.3106059907, -14.4431474111], [-46.3803547047, -14.4449845461], [-46.4064654118, -14.4802663406], [-46.4418239902, -14.4844379944], [-46.4456230998, -14.4676519611], [-46.432275033, -14.4397282067], [-46.4211012106, -14.4165077925], [-46.3636576307, -14.382457607], [-46.2817180809, -14.3718855964], [-46.2090022277, -14.3070600529], [-46.1856052138, -14.3186176163], [-46.1951810184, -14.3568260164]]]}}, {"type": "Feature", "properties": {"name": "Cabeceiras"}, "geometry": {"type": "Polygon", "coordinates": [[[-47.0143154315, -15.5912401171], [-46.9993221483, -15.6522610569], [-46.9738535773, -15.6483716691], [-46.9582635195, -15.6628701632], [-46.9226300565, -15.6356380111], [-46.8821427635, -15.6096355222], [-46.8521589272, -15.652576926], [-46.8127150038, -15.7867544292], [-46.8050677609, -15.8589445474], [-46.9552437546, -15.9169144399], [-47.1093193842, -15.9560246367], [-47.1347376878, -15.9277105511], [-47.1155463377, -15.896479999], [-47.1100866095, -15.8741350169], [-47.114411292, -15.8549537782], [-47.118990126, -15.8255602291], [-47.1121839296, -15.7735298879], [-47.1203181582, -15.6960837871], [-47.1486798173, -15.6549652699], [-47.1775224735, -15.5967444209], [-47.0736275735, -15.5542215101], [-47.0133462856, -15.5712110371], [-47.0143154315, -15.5912401171]]]}}, {"type": "Feature", "properties": {"name": "Cachoeira Alta"}, "geometry": {"type": "Polygon", "coordinates": [[[-50.9512221795, -18.3034018753], [-50.8583517614, -18.2988433718], [-50.8390794174, -18.3357951611], [-50.8252170495, -18.357156593], [-50.7623609326, -18.3898120547], [-50.7895779553, -18.4209984965], [-50.9021021039, -18.4814968207], [-50.9594376278, -18.532529443], [-50.8885201378, -18.5793758577], [-50.865884971, -18.6205975723], [-50.8483026269, -18.6278723219], [-50.8259910109, -18.6473237331], [-50.7837647194, -18.6552085854], [-50.8207570215, -18.8596664373], [-50.8342128092, -18.9162127597], [-50.8697273655, -18.9097459995], [-50.9092639895, -18.8813779966], [-50.9411590247, -18.8687973878], [-50.9853256728, -18.7924357312], [-51.0028718883, -18.7332586971], [-51.0359138511, -18.6740055647], [-51.0784125948, -18.6052462312], [-51.1247858933, -18.5546465044], [-51.1503526584, -18.5222602914], [-51.1881331464, -18.484221213], [-51.2150490183, -18.4305312222], [-51.2223320848, -18.3719286618], [-51.2274935099, -18.3439063834], [-51.1968819905, -18.3170916573], [-51.1672200037, -18.2992606128], [-51.1461873742, -18.3012295947], [-51.0960847226, -18.3474043118], [-51.0512240205, -18.3240328529], [-50.9854410916, -18.2918053625], [-50.9594664989, -18.3014024663], [-50.9512221795, -18.3034018753]]]}}, {"type": "Feature", "properties": {"name": "Cachoeira de Goiás"}, "geometry": {"type": "Polygon", "coordinates": [[[-50.7153871257, -16.6070287572], [-50.6560477714, -16.611941256], [-50.6075810798, -16.6724722334], [-50.5844968557, -16.701278384], [-50.6077466353, -16.7558850238], [-50.6482688884, -16.8023966565], [-50.6509139329, -16.8393190392], [-50.7356057878, -16.8064138211], [-50.8064980413, -16.7554446381], [-50.8114421584, -16.7053516575], [-50.7680515562, -16.7003177599], [-50.7153871257, -16.6070287572]]]}}, {"type": "Feature", "properties": {"name": "Cachoeira Dourada"}, "geometry": {"type": "Polygon", "coordinates": [[[-49.7067151295, -18.4134181737], [-49.5954335115, -18.4397620714], [-49.5706829131, -18.4372794721], [-49.5383485539, -18.4206881096], [-49.506656169, -18.4062795129], [-49.4227891997, -18.5225217789], [-49.4742390206, -18.5349138735], [-49.496767598, -18.4921437993], [-49.547105433, -18.5391642273], [-49.6528268208, -18.5633714146], [-49.6473996264, -18.6013560254], [-49.7377968384, -18.6164674972], [-49.74199711, -18.5879549262], [-49.7567879671, -18.5630170286], [-49.7653790687, -18.5010152534], [-49.7776030194, -18.4444887718], [-49.7472800598, -18.3659459494], [-49.7067151295, -18.4134181737]]]}}, {"type": "Feature", "properties": {"name": "Caçu"}, "geometry": {"type": "Polygon", "coordinates": [[[-51.2996606915, -18.304921895], [-51.2729986796, -18.3274651638], [-51.2374371791, -18.357047412], [-51.2232465292, -18.4033310862], [-51.2112221181, -18.4436376822], [-51.1699160967, -18.5064701172], [-51.1437156136, -18.5346343668], [-51.1039064725, -18.5832191758], [-51.0802440651, -18.6272974485], [-51.0239682446, -18.6918759508], [-50.9913279411, -18.7584222693], [-50.938135182, -18.840880058], [-50.9285492351, -18.8860519806], [-50.8874068354, -18.8981938988], [-50.8433580883, -18.9210359568], [-50.8181071336, -18.9307861929], [-50.7075817805, -18.9963870512], [-50.6776328824, -19.0209986201], [-50.6695478754, -19.061038767], [-50.6556670756, -19.1036262329], [-50.6781384442, -19.1401859539], [-50.7269914096, -19.1709985586], [-50.7627752956, -19.1490713154], [-50.7707760728, -19.1190123955], [-50.8182154814, -19.0719077847], [-50.8636323496, -19.0545823084], [-50.8786870687, -19.0472837392], [-50.8952704166, -19.0328168123], [-50.9217405562, -18.9980478692], [-50.9349348651, -18.9775290434], [-50.9698250466, -18.9412726507], [-51.006408051, -18.9090436083], [-51.0438800214, -18.8867900653], [-51.1204986199, -18.8753559168], [-51.1555783416, -18.810612967], [-51.1810268131, -18.7853825434], [-51.2090011499, -18.7722708357], [-51.2382400898, -18.7392258385], [-51.2753314267, -18.7156221175], [-51.3349913726, -18.6812812475], [-51.364598689, -18.6424678953], [-51.3976071931, -18.6229759241], [-51.432929791, -18.6097123059], [-51.4615526932, -18.584389287], [-51.508492527, -18.5583988905], [-51.5207759868, -18.5204609193], [-51.3803836073, -18.3580626971], [-51.3570749183, -18.2796716093], [-51.2996606915, -18.304921895]]]}}, {"type": "Feature", "properties": {"name": "Caiapônia"}, "geometry": {"type": "Polygon", "coordinates": [[[-52.1745818327, -16.4729476778], [-52.1213597313, -16.4718630011], [-52.0743600181, -16.4854179285], [-52.04696164, -16.5452289734], [-52.0187308878, -16.5525639993], [-52.0019981458, -16.5746376445], [-51.9716290435, -16.6287860324], [-51.9470188997, -16.6374248546], [-51.9091663069, -16.6430719314], [-51.8752448526, -16.6555976374], [-51.8072235243, -16.6296484158], [-51.7433328166, -16.6095076315], [-51.695635818, -16.6394486398], [-51.6837485471, -16.620901505], [-51.6578542094, -16.6010282892], [-51.6073848919, -16.5966771459], [-51.5808263315, -16.6474471504], [-51.6145256094, -16.6833081039], [-51.5962860294, -16.7074047272], [-51.601997614, -16.7554546285], [-51.633781538, -16.7678416599], [-51.653801734, -16.8218604401], [-51.6633064567, -16.8431190245], [-51.650750734, -16.9002112715], [-51.609243919, -16.8880831785], [-51.5676368575, -16.8822006209], [-51.5384120441, -16.890694948], [-51.5186318278, -16.8895264912], [-51.4782714372, -16.8761654244], [-51.4548315895, -16.8638697913], [-51.416771808, -16.8552472339], [-51.4184104281, -16.8430019086], [-51.3960578348, -16.8192654574], [-51.3673300886, -16.8191012576], [-51.3367802859, -16.799784792], [-51.3038352262, -16.792066368], [-51.2629709148, -16.7793334288], [-51.2204629667, -16.729508882], [-51.2264128763, -16.7607002763], [-51.2233527621, -16.7968067703], [-51.2199933554, -16.8138507964], [-51.1943850706, -16.8344523165], [-51.1811625554, -16.8440214413], [-51.1729150374, -16.8602322864], [-51.1407479184, -16.8906046951], [-51.1105001743, -16.8927541146], [-51.0938311953, -16.9061229273], [-51.0541062628, -16.9567690948], [-51.0934915191, -16.9642850767], [-51.0977188565, -17.0324589784], [-51.114363023, -17.0827131028], [-51.1704399409, -17.1161346641], [-51.2265296128, -17.1291434155], [-51.2564948797, -17.1543690563], [-51.2642755565, -17.1833452297], [-51.286304912, -17.22434207], [-51.3478303706, -17.2741831373], [-51.3858291282, -17.289481181], [-51.4740459288, -17.3454969859], [-51.5531098209, -17.3194238534], [-51.5936066994, -17.3089147694], [-51.6615533279, -17.2767762749], [-51.7365250343, -17.2705590148], [-51.779138978, -17.320616391], [-51.8467470503, -17.3187513855], [-51.8824403652, -17.3382554312], [-51.9215037157, -17.3624450706], [-51.9588908034, -17.3765866932], [-51.9608277507, -17.4310333603], [-51.9928535945, -17.481461905], [-52.0366205268, -17.476144246], [-52.0589953333, -17.4694080216], [-52.0640783059, -17.452593522], [-52.0708297921, -17.4363467534], [-52.0986653297, -17.4308883488], [-52.0982745779, -17.4005300246], [-52.1143245489, -17.3798267029], [-52.1460874225, -17.3472170012], [-52.1737253446, -17.3073960137], [-52.2768902007, -17.3203117723], [-52.3370771784, -17.2985018139], [-52.368943669, -17.2881464522], [-52.4160555677, -17.2813670135], [-52.4181116393, -17.214487028], [-52.4118027241, -17.1901571311], [-52.4036288965, -17.1506055818], [-52.4000475573, -17.1169425404], [-52.4001386485, -17.095391722], [-52.4091488213, -17.0674334456], [-52.4110037946, -17.0330477458], [-52.4238409345, -16.9865795972], [-52.4163649133, -16.9822427148], [-52.4131899779, -16.956322128], [-52.4056373739, -16.9313782068], [-52.4031538191, -16.9248676883], [-52.3801961283, -16.9483064958], [-52.3385599628, -16.9435361223], [-52.2928031927, -16.9274485529], [-52.2567516685, -16.8532748424], [-52.2289973238, -16.8147533447], [-52.1763866389, -16.8073506499], [-52.1780300602, -16.7736477931], [-52.1406359061, -16.7520667995], [-52.1354777814, -16.7267791221], [-52.1296981101, -16.7054328049], [-52.1442983963, -16.6728297861], [-52.1327450055, -16.6372765738], [-52.1508843678, -16.6246744828], [-52.2036266371, -16.5981163752], [-52.2448293823, -16.5790115629], [-52.1937354681, -16.4657404039], [-52.1745818327, -16.4729476778]]]}}, {"type": "Feature", "properties": {"name": "Caldas Novas"}, "geometry": {"type": "Polygon", "coordinates": [[[-48.6052955412, -17.4763457603], [-48.5361785483, -17.477663789], [-48.50965883, -17.4991225623], [-48.5048784456, -17.5217839873], [-48.4960968704, -17.5740860048], [-48.457409307, -17.6166727247], [-48.4511819844, -17.6300822631], [-48.4647968262, -17.6691702827], [-48.4803736875, -17.7137053168], [-48.5206611683, -17.7546421897], [-48.50993656, -17.7795039865], [-48.5443728549, -17.808323984], [-48.5343215645, -17.8352933331], [-48.5118204076, -17.8779920574], [-48.5171825574, -17.9434514127], [-48.5431557264, -18.0316074686], [-48.617047529, -18.0648016765], [-48.6374671267, -18.0468945129], [-48.6248712769, -18.0285135724], [-48.6331563271, -18.0127077431], [-48.6345187824, -17.9609042565], [-48.6485453897, -17.9307769482], [-48.6775507052, -17.9008930826], [-48.7180218366, -17.8442000271], [-48.7466559856, -17.7812606467], [-48.7281839436, -17.7375567892], [-48.7951013346, -17.7145267202], [-48.8451251198, -17.7048634904], [-48.8588205835, -17.6724372305], [-48.8866152109, -17.6556602618], [-48.917075219, -17.6152414458], [-48.9251524714, -17.5990732765], [-48.9259831738, -17.5659675076], [-48.9142938325, -17.5466456189], [-48.8800766828, -17.5458483055], [-48.8013553761, -17.5732811074], [-48.7270196913, -17.5346917708], [-48.6457290608, -17.4830616927], [-48.6052955412, -17.4763457603]]]}}, {"type": "Feature", "properties": {"name": "Caldazinha"}, "geometry": {"type": "Polygon", "coordinates": [[[-48.8536879416, -16.6500547812], [-48.8793510542, -16.6645577394], [-48.9154963755, -16.7199447238], [-48.8901896768, -16.7377149017], [-48.8783117393, -16.7805464588], [-48.9307635831, -16.7874928106], [-48.9969376918, -16.8074112765], [-49.0444092458, -16.8139702864], [-49.0677732742, -16.8224365714], [-49.0534574263, -16.7958905148], [-49.0576353912, -16.7614431297], [-49.0527247376, -16.7170346345], [-49.0141032522, -16.6677600891], [-48.9710687455, -16.6924306582], [-48.8863388857, -16.6508594719], [-48.8536879416, -16.6500547812]]]}}, {"type": "Feature", "properties": {"name": "Campestre de Goiás"}, "geometry": {"type": "Polygon", "coordinates": [[[-49.6881277395, -16.6704447742], [-49.662331308, -16.7293165699], [-49.6405487107, -16.7701659168], [-49.5984939382, -16.8017520174], [-49.628407462, -16.8458575159], [-49.6960573601, -16.8814969526], [-49.7344621783, -16.898938996], [-49.7324938292, -16.8625105102], [-49.7673246766, -16.8241828312], [-49.781378873, -16.7815740306], [-49.7652119251, -16.7333323071], [-49.7276249435, -16.6698473695], [-49.6881277395, -16.6704447742]]]}}, {"type": "Feature", "properties": {"name": "Campinaçu"}, "geometry": {"type": "Polygon", "coordinates": [[[-48.5563666205, -13.592600662], [-48.508996086, -13.6152896575], [-48.4659712165, -13.6133468975], [-48.4593789517, -13.6330056688], [-48.4538230428, -13.6784033623], [-48.4350248522, -13.7304978708], [-48.4169619262, -13.7784410254], [-48.3867360352, -13.7989172688], [-48.3675243742, -13.8236635762], [-48.3604973783, -13.8487485901], [-48.3238868236, -13.9142518161], [-48.3218221431, -13.9689282375], [-48.3590200926, -13.9750868978], [-48.4335191055, -14.022493968], [-48.4808852713, -14.0411825567], [-48.493630371, -14.080906935], [-48.5240455217, -14.124743751], [-48.5760523232, -14.1444082141], [-48.6003535379, -14.1766549327], [-48.6236055938, -14.1820568434], [-48.6910821261, -14.1504897536], [-48.7182714018, -14.1333564814], [-48.702100005, -14.1068252958], [-48.7116638706, -14.0766246082], [-48.7184133558, -14.0331935409], [-48.7338825767, -13.9920571177], [-48.7347726431, -13.9416012971], [-48.7794997483, -13.877345583], [-48.7744073678, -13.8050822064], [-48.7504086095, -13.7966033316], [-48.7241883702, -13.7614914205], [-48.7069122619, -13.718258636], [-48.6720786578, -13.6834508375], [-48.6640803552, -13.6367465353], [-48.6424954117, -13.6184022859], [-48.5961855355, -13.6284161224], [-48.5664372735, -13.5996784462], [-48.5563666205, -13.592600662]]]}}, {"type": "Feature", "properties": {"name": "Campinorte"}, "geometry": {"type": "Polygon", "coordinates": [[[-48.7012636584, -13.6385070622], [-48.661720314, -13.6704795384], [-48.6977936853, -13.7087545703], [-48.7181059602, -13.7481342009], [-48.7384075582, -13.7872341643], [-48.7669142871, -13.7993294282], [-48.7675244663, -13.843643345], [-48.8053546797, -14.0625690691], [-49.0608227162, -14.2536213698], [-49.1586155185, -14.375971728], [-49.1893816404, -14.3429687604], [-49.164878649, -14.2847511402], [-49.1558799773, -14.2044854249], [-49.1795489368, -14.1738134192], [-49.1829031439, -14.1391109678], [-49.177106584, -14.0589812811], [-49.1274953203, -14.0228858755], [-49.0573813303, -14.0178547507], [-48.9799770583, -14.031666341], [-48.9302763615, -14.0122039734], [-48.9241027241, -13.9644888648], [-48.8681278238, -13.9054852752], [-48.8463033233, -13.8473104285], [-48.7859546613, -13.8094600101], [-48.8053833392, -13.7714599603], [-48.768250496, -13.6994867638], [-48.7012636584, -13.6385070622]]]}}, {"type": "Feature", "properties": {"name": "Campo Alegre de Goiás"}, "geometry": {"type": "Polygon", "coordinates": [[[-47.6829850605, -17.2487240397], [-47.6567134065, -17.296806865], [-47.5953460381, -17.3319429313], [-47.5232193385, -17.411999702], [-47.5228506681, -17.4212976482], [-47.5407416877, -17.4538465575], [-47.5389020503, -17.4794344575], [-47.5558193345, -17.5039909727], [-47.5578729288, -17.5289539236], [-47.5806482665, -17.5447217566], [-47.6000185877, -17.5577241591], [-47.5884026822, -17.5924445657], [-47.6171554716, -17.6126329173], [-47.63290522, -17.6213490332], [-47.6406315786, -17.6501772794], [-47.6214326253, -17.6829239946], [-47.6176309094, -17.7162082003], [-47.6101242668, -17.7450210501], [-47.6332602155, -17.7696191236], [-47.6339357068, -17.7888610667], [-47.6461796984, -17.8136932381], [-47.6581241194, -17.8246783562], [-47.6744331331, -17.8351133783], [-47.7030468133, -17.8414195861], [-47.7509646212, -17.7889317381], [-47.7617089678, -17.816090037], [-47.7889296459, -17.8430848098], [-47.8025040624, -17.8727627492], [-47.86159593, -17.9090436486], [-47.8942948652, -17.9101446352], [-47.9199924801, -17.9121496029], [-47.9341551856, -17.9034210814], [-47.9719083885, -17.9022146425], [-47.9773440875, -17.8866866502], [-47.9551033493, -17.8417954378], [-47.9539009132, -17.8176818153], [-47.9418512214, -17.7972007717], [-47.9379021822, -17.7764918379], [-47.9344292947, -17.752809954], [-47.9322963025, -17.738326166], [-47.9382607676, -17.6842471722], [-47.9636038416, -17.6249630989], [-47.9655998518, -17.5871568126], [-47.9400517965, -17.4899870271], [-47.9115209132, -17.4043678805], [-47.8836132608, -17.2611770418], [-47.781380964, -17.2105789331], [-47.7226660515, -17.1481544159], [-47.6829850605, -17.2487240397]]]}}, {"type": "Feature", "properties": {"name": "Campo Limpo de Goiás"}, "geometry": {"type": "Polygon", "coordinates": [[[-49.1035090064, -16.2222730572], [-49.0592305406, -16.2497602306], [-49.0235358385, -16.2792541683], [-49.049632489, -16.3165475338], [-49.0555076432, -16.3436143136], [-49.1123703165, -16.3393683401], [-49.1797426603, -16.2619819865], [-49.1435775402, -16.2318888933], [-49.1035090064, -16.2222730572]]]}}, {"type": "Feature", "properties": {"name": "Campos Belos"}, "geometry": {"type": "Polygon", "coordinates": [[[-46.4110491929, -12.8275193562], [-46.3832674231, -12.8485401537], [-46.3687208555, -12.8771143778], [-46.3602735978, -12.9084014504], [-46.3710536375, -12.9579987673], [-46.3383827316, -12.9820250175], [-46.2868618931, -12.9735243165], [-46.1874383867, -12.9492887151], [-46.1195236323, -12.9254362087], [-46.1254206382, -12.9610429586], [-46.1909910756, -12.9893617585], [-46.239880361, -12.9994214904], [-46.2809421512, -13.0336501756], [-46.4489909348, -13.0546549179], [-46.4704093519, -13.0095259198], [-46.5061629233, -13.008641986], [-46.5481036928, -13.0258513849], [-46.6076013663, -13.0510318827], [-46.686384809, -13.0678086662], [-46.7418039267, -13.1019204098], [-46.8023555973, -13.0855539428], [-46.8211846167, -13.0576378145], [-46.8324331568, -13.0644377344], [-46.8545518148, -13.0552223393], [-46.8397383166, -13.0340944642], [-46.8192693922, -13.0020359368], [-46.5501704754, -12.9701077327], [-46.4171995051, -12.8230248389], [-46.4110491929, -12.8275193562]]]}}, {"type": "Feature", "properties": {"name": "Campos Verdes"}, "geometry": {"type": "Polygon", "coordinates": [[[-49.6978569957, -14.0553022013], [-49.6633063714, -14.0833191007], [-49.644330394, -14.1072316066], [-49.6280009524, -14.1121381745], [-49.6190005538, -14.1162561827], [-49.5950801883, -14.1351851383], [-49.569553807, -14.1393976111], [-49.5611057646, -14.1536739921], [-49.5588062728, -14.1809284783], [-49.5611913644, -14.2324005956], [-49.57636662, -14.2878592809], [-49.6475242104, -14.2984287071], [-49.6825984867, -14.3425163504], [-49.7074141317, -14.3373811766], [-49.7033531629, -14.3122892775], [-49.7349990171, -14.2954658427], [-49.7564072597, -14.2699592326], [-49.7710988404, -14.2472449524], [-49.7184141471, -14.2189439163], [-49.7479664293, -14.161915812], [-49.7338901751, -14.0802558159], [-49.7218871117, -14.0627502604], [-49.6978569957, -14.0553022013]]]}}, {"type": "Feature", "properties": {"name": "Carmo do Rio Verde"}, "geometry": {"type": "Polygon", "coordinates": [[[-49.7470094382, -15.2922339049], [-49.6952506073, -15.3006534099], [-49.6287139914, -15.3528374599], [-49.5917580909, -15.3535596213], [-49.62495136, -15.4163957092], [-49.6504686616, -15.4121193849], [-49.6937472252, -15.4189939706], [-49.6848538673, -15.4588220051], [-49.7100238606, -15.5019557604], [-49.7576104696, -15.5410539041], [-49.7884382896, -15.5399409921], [-49.8588668101, -15.5299812802], [-49.8757460061, -15.4665155891], [-49.8430332299, -15.4400943426], [-49.7818025288, -15.4204764784], [-49.7872014032, -15.3623169771], [-49.7567218752, -15.337644323], [-49.7470094382, -15.2922339049]]]}}, {"type": "Feature", "properties": {"name": "Castelândia"}, "geometry": {"type": "Polygon", "coordinates": [[[-50.187185219, -18.0599475247], [-50.175308372, -18.1153840421], [-50.2054089566, -18.1445658414], [-50.2460795109, -18.1545579724], [-50.3169576443, -18.2099962787], [-50.3996580046, -18.2441297221], [-50.4784619641, -18.2151565783], [-50.520185962, -18.1745135546], [-50.562681974, -18.1604672479], [-50.5463600046, -18.1409097146], [-50.4795967925, -18.1755886726], [-50.4449093604, -18.1850759778], [-50.4239672595, -18.189818757], [-50.4007510914, -18.1902345527], [-50.3737991536, -18.1799207012], [-50.3546848562, -18.1584265593], [-50.300184762, -18.0990632269], [-50.2800525185, -18.0804365862], [-50.2403250861, -18.0784308661], [-50.187185219, -18.0599475247]]]}}, {"type": "Feature", "properties": {"name": "Catalão"}, "geometry": {"type": "Polygon", "coordinates": [[[-47.4973508091, -17.5241867635], [-47.4388743509, -17.5272431242], [-47.3509356478, -17.5264845711], [-47.2834207865, -17.5771201981], [-47.278293416, -17.6437684954], [-47.2705985738, -17.6668418662], [-47.3010449432, -17.6884663256], [-47.3174032679, -17.7261766067], [-47.3420147535, -17.7513325436], [-47.3395742059, -17.7766745732], [-47.3537896478, -17.7932804155], [-47.3515979524, -17.8146740749], [-47.3618781, -17.852654971], [-47.3553850348, -17.891392983], [-47.3437581203, -17.9085129895], [-47.338959186, -17.9277045602], [-47.3332355628, -17.9510639723], [-47.3193549153, -17.9855154293], [-47.2935707343, -18.0165726516], [-47.286324074, -18.0423267115], [-47.3051026031, -18.063237125], [-47.3429819487, -18.0803480087], [-47.355435533, -18.1046517938], [-47.3933453111, -18.1157801502], [-47.3964295069, -18.1414031487], [-47.4460639019, -18.1011293526], [-47.5317027395, -18.0031469489], [-47.605518235, -18.0290683573], [-47.6335989912, -18.0601044368], [-47.6669620775, -18.0591463347], [-47.6895104685, -18.0997383392], [-47.6848555564, -18.1178231671], [-47.7226280154, -18.1253251782], [-47.7963497437, -18.1237975199], [-47.8655873054, -18.2185758786], [-47.8739320725, -18.2533049667], [-47.883513505, -18.2961868277], [-47.9023201587, -18.3168335277], [-47.8655147012, -18.35735895], [-47.8624860397, -18.3875288163], [-47.8532665416, -18.4182338629], [-47.8708776471, -18.4545685835], [-47.8851288846, -18.4680496708], [-47.9401007398, -18.4876421774], [-47.9686356155, -18.4742837231], [-47.9804607497, -18.4423997278], [-48.0227632087, -18.4215648912], [-47.9830667445, -18.3923602316], [-47.9480489769, -18.3799631804], [-47.9392265058, -18.3578659594], [-47.9382113182, -18.3354836173], [-47.9661278567, -18.297074486], [-48.0192337101, -18.2855111038], [-48.0520419387, -18.265013668], [-48.050155672, -18.2313480461], [-48.027046521, -18.1956834226], [-48.0182922091, -18.1615626734], [-48.0447369256, -18.1442063018], [-48.0234819238, -18.0985944155], [-48.0345148203, -18.0609131168], [-48.0734377395, -18.0466966581], [-48.0883755948, -18.0331730397], [-48.0914043089, -18.0113121074], [-48.1077063711, -17.9862284153], [-48.132370878, -17.9774258807], [-48.1656275812, -17.966025819], [-48.1269024096, -17.946058553], [-48.1188474038, -17.9183832485], [-48.106097369, -17.925281546], [-48.0764626999, -17.9131359033], [-48.0601041969, -17.9141021822], [-48.0424342471, -17.921279773], [-48.0118176651, -17.9110062559], [-47.9764087856, -17.8965482307], [-47.9408194602, -17.8948611572], [-47.9261560751, -17.9082453799], [-47.897820636, -17.9147397226], [-47.8601252915, -17.9161594576], [-47.8092901675, -17.8777036001], [-47.8175403415, -17.8425864888], [-47.7715671312, -17.8215226578], [-47.7542340568, -17.7785281386], [-47.7224864916, -17.8412763143], [-47.6699849688, -17.8391442039], [-47.6546294276, -17.8287566698], [-47.6428482037, -17.8118333817], [-47.64218637, -17.782666777], [-47.6337265789, -17.777947026], [-47.6123259434, -17.7481029381], [-47.6214039864, -17.7220555553], [-47.6227363388, -17.687361035], [-47.6301560203, -17.649310385], [-47.6289621641, -17.6256642534], [-47.6101842901, -17.6154767215], [-47.6018737781, -17.5926881966], [-47.5937622511, -17.5694470037], [-47.5833162347, -17.5445065902], [-47.5553458098, -17.5327490177], [-47.5615160982, -17.5115176544], [-47.5395712861, -17.4852706495], [-47.536272883, -17.4566755845], [-47.5031220536, -17.515044615], [-47.4973508091, -17.5241867635]]]}}, {"type": "Feature", "properties": {"name": "Caturaí"}, "geometry": {"type": "Polygon", "coordinates": [[[-49.6305707486, -16.3985665073], [-49.5555484436, -16.406923761], [-49.482995981, -16.4186396606], [-49.4615275167, -16.4308235262], [-49.4591300288, -16.458600489], [-49.5122428671, -16.4933744653], [-49.5559615642, -16.5021290825], [-49.6012156402, -16.492853731], [-49.6357753617, -16.4930962248], [-49.6860803356, -16.5013507532], [-49.689575938, -16.4569562205], [-49.6797944972, -16.4228419238], [-49.6362201149, -16.4198968905], [-49.6305707486, -16.3985665073]]]}}, {"type": "Feature", "properties": {"name": "Cavalcante"}, "geometry": {"type": "Polygon", "coordinates": [[[-47.6340059577, -13.102766655], [-47.5609118314, -13.1242395074], [-47.5234721756, -13.1815003997], [-47.4851854007, -13.2217242976], [-47.4478556277, -13.240306231], [-47.4252541703, -13.2893005856], [-47.3707448903, -13.2725878517], [-47.3386278985, -13.3529932736], [-47.3209651092, -13.3896923117], [-47.2604035813, -13.448088214], [-47.2532188447, -13.5050647339], [-47.2922160056, -13.5886585536], [-47.3056617619, -13.6639655884], [-47.325946005, -13.7325526514], [-47.277991202, -13.7251196604], [-47.3183555299, -13.7736731783], [-47.3529150687, -13.8109014524], [-47.3115796636, -13.8517167311], [-47.3281940476, -13.9131643069], [-47.304600662, -13.9476054639], [-47.2747947533, -13.9659520631], [-47.5049148861, -13.9595985238], [-47.5685516036, -14.0336831752], [-47.6086046615, -14.0461655771], [-47.6571318751, -14.0695214206], [-47.7057460548, -14.0791844004], [-47.7411877562, -14.0980656339], [-47.8089972072, -14.1468561343], [-47.8592151992, -14.1736050094], [-47.8844607329, -14.1777773872], [-47.9052568075, -14.1586856918], [-47.9134372628, -14.125244799], [-47.9169919515, -14.0960862008], [-47.8985243099, -14.0779603756], [-47.9164416214, -14.0393768204], [-47.923335919, -14.0244034291], [-47.9189650298, -14.0016922245], [-47.9223275948, -13.9714953792], [-47.9440452525, -13.9450771421], [-47.9624400297, -13.9276158041], [-47.9466028054, -13.8861289752], [-47.96174592, -13.8500213786], [-48.0196074334, -13.8120078543], [-48.0228295332, -13.7731175882], [-48.0233724636, -13.7558426184], [-48.0394923653, -13.7461187484], [-48.0522992459, -13.7279312229], [-48.0668530683, -13.6921169094], [-48.0948001821, -13.6538720644], [-48.1108683328, -13.6172240612], [-48.1219950014, -13.5393543139], [-48.1311311041, -13.504534086], [-48.1657127161, -13.4765032338], [-48.1890501015, -13.4539421654], [-48.1606106123, -13.4488865115], [-48.1698328641, -13.3689437841], [-48.1595804423, -13.3020198239], [-48.1179141392, -13.2903036188], [-48.0825782786, -13.2883450189], [-48.0718610153, -13.2671822468], [-48.0584391886, -13.2402343096], [-48.0326867314, -13.2535429876], [-48.0221292602, -13.2794026464], [-47.9705742269, -13.3110845796], [-47.9433875926, -13.3066280309], [-47.9078512893, -13.2985014596], [-47.8831418329, -13.3200749414], [-47.8235536593, -13.3114324167], [-47.7702218549, -13.3664743624], [-47.6564353766, -13.4272777237], [-47.6267419184, -13.3839582578], [-47.655850683, -13.3219115194], [-47.656381895, -13.276466886], [-47.6570180858, -13.2342816072], [-47.6684612772, -13.2089700414], [-47.657468419, -13.1920053931], [-47.6514677076, -13.1496606489], [-47.650276106, -13.1329178516], [-47.6340059577, -13.102766655]]]}}, {"type": "Feature", "properties": {"name": "Ceres"}, "geometry": {"type": "Polygon", "coordinates": [[[-49.549662163, -15.1834927302], [-49.5592440271, -15.2537969113], [-49.5737671095, -15.3008678671], [-49.5764842934, -15.3387859197], [-49.615468888, -15.3531352197], [-49.6631314827, -15.3397572084], [-49.7154937558, -15.2953162319], [-49.7697133804, -15.2793401224], [-49.7462244258, -15.2397541431], [-49.6878618145, -15.2423037408], [-49.6089464548, -15.2206144278], [-49.549662163, -15.1834927302]]]}}, {"type": "Feature", "properties": {"name": "Cezarina"}, "geometry": {"type": "Polygon", "coordinates": [[[-49.8032470504, -16.9027662291], [-49.7589147634, -16.9427202253], [-49.7397740662, -16.9673344344], [-49.7478514595, -17.0142670224], [-49.728205916, -17.0625095223], [-49.7171584739, -17.0687716234], [-49.7059388613, -17.0815244597], [-49.6786778097, -17.1435775364], [-49.6530741859, -17.1544131269], [-49.6575763758, -17.1730438604], [-49.6435236736, -17.1961982849], [-49.619434683, -17.2275812498], [-49.626050369, -17.2780411649], [-49.634463541, -17.2954413634], [-49.6444669858, -17.2957312723], [-49.6687412031, -17.250791008], [-49.7083267553, -17.2065020518], [-49.74582214, -17.1442201993], [-49.7932393047, -17.1582196043], [-49.849774618, -17.1524493433], [-49.8247450775, -17.0771987209], [-49.822076634, -17.0085880577], [-49.880601955, -16.9722750266], [-49.8294418351, -16.9589939937], [-49.8166374497, -16.9115597036], [-49.8032470504, -16.9027662291]]]}}, {"type": "Feature", "properties": {"name": "Chapadão do Céu"}, "geometry": {"type": "Polygon", "coordinates": [[[-52.74514144, -18.1257018453], [-52.7086945442, -18.1529773282], [-52.6966633755, -18.1736539136], [-52.6705896218, -18.1865865397], [-52.6648048616, -18.1953696849], [-52.6382184818, -18.2260749152], [-52.6190849798, -18.2355226229], [-52.6066080646, -18.2467592081], [-52.5842230561, -18.2738308271], [-52.5467977752, -18.3119034682], [-52.5261156126, -18.3403799901], [-52.4810277068, -18.3560148693], [-52.4731694761, -18.3725981708], [-52.4685556402, -18.3947537262], [-52.4519644502, -18.4170755957], [-52.4323058559, -18.4347523938], [-52.4069445638, -18.4474215332], [-52.3918258009, -18.4584111482], [-52.3805818055, -18.4603665792], [-52.3533579354, -18.4665816267], [-52.3369406052, -18.4686257787], [-52.3238581807, -18.4849288246], [-52.311791614, -18.5013780078], [-52.2898544677, -18.5868271614], [-52.3976925449, -18.6039688779], [-52.522060215, -18.6641856432], [-52.586028512, -18.6804760771], [-52.6750011966, -18.6785156245], [-52.7654201943, -18.6807117658], [-52.8460257798, -18.6666734727], [-52.7855819174, -18.3898596913], [-52.786977402, -18.3201354422], [-52.7757241483, -18.0910204697], [-52.74514144, -18.1257018453]]]}}, {"type": "Feature", "properties": {"name": "Cidade Ocidental"}, "geometry": {"type": "Polygon", "coordinates": [[[-47.6830404861, -16.0501771637], [-47.6926287053, -16.0845950629], [-47.7289293077, -16.1260291809], [-47.7457437859, -16.2020746923], [-47.7755479534, -16.2313152339], [-47.7878364589, -16.2570669607], [-47.8203506985, -16.241587001], [-47.8525486813, -16.1981423448], [-47.8906582518, -16.1486573054], [-47.9423638784, -16.1300920545], [-47.938785639, -16.0509541785], [-47.7385025133, -16.0503712514], [-47.6830404861, -16.0501771637]]]}}, {"type": "Feature", "properties": {"name": "Cocalzinho de Goiás"}, "geometry": {"type": "Polygon", "coordinates": [[[-48.5923001248, -15.3638087183], [-48.5693812233, -15.3759919112], [-48.5603539326, -15.399235773], [-48.5651034964, -15.418904292], [-48.5652669718, -15.4490594824], [-48.5694117877, -15.4763115299], [-48.5891852735, -15.5134304698], [-48.5923245925, -15.5395766975], [-48.5824376891, -15.553550843], [-48.5588578086, -15.5830701282], [-48.525185489, -15.6042645893], [-48.4786568657, -15.6189302293], [-48.4331605558, -15.6430796148], [-48.3881914743, -15.6342874318], [-48.3773524987, -15.611349645], [-48.3502930155, -15.6360925814], [-48.3085222541, -15.6241181276], [-48.26584844, -15.6409479266], [-48.3173283844, -15.718939919], [-48.3564052904, -15.7753059897], [-48.388462129, -15.8442392233], [-48.4182677059, -15.9042464216], [-48.4394355473, -15.9031734769], [-48.4581295381, -15.8884907832], [-48.4697993774, -15.8269065566], [-48.5427469932, -15.800223356], [-48.5772951854, -15.7639940686], [-48.6476543404, -15.765736959], [-48.6943709121, -15.8163933885], [-48.6741319534, -15.8616019544], [-48.7675885247, -15.8446600192], [-48.7829695728, -15.8188718648], [-48.8406402933, -15.8035054707], [-48.8159928288, -15.7490114334], [-48.8313559558, -15.703686335], [-48.8099349464, -15.6685164763], [-48.8264668617, -15.6192923974], [-48.8061643319, -15.5454707741], [-48.8097126688, -15.5063107456], [-48.7713806363, -15.4898106458], [-48.7467702703, -15.4746938111], [-48.7309139528, -15.4538606412], [-48.7069983555, -15.3961399847], [-48.6453758961, -15.3677340203], [-48.5923001248, -15.3638087183]]]}}, {"type": "Feature", "properties": {"name": "Colinas do Sul"}, "geometry": {"type": "Polygon", "coordinates": [[[-48.0948001821, -13.6538720644], [-48.0668530683, -13.6921169094], [-48.0522992459, -13.7279312229], [-48.0394923653, -13.7461187484], [-48.0233724636, -13.7558426184], [-48.0228295332, -13.7731175882], [-48.0196074334, -13.8120078543], [-47.96174592, -13.8500213786], [-47.9466028054, -13.8861289752], [-47.9624400297, -13.9276158041], [-47.9440452525, -13.9450771421], [-47.9223275948, -13.9714953792], [-47.9189650298, -14.0016922245], [-47.923335919, -14.0244034291], [-47.9164416214, -14.0393768204], [-47.8985243099, -14.0779603756], [-47.9169919515, -14.0960862008], [-47.9134372628, -14.125244799], [-47.9052568075, -14.1586856918], [-47.8386560227, -14.3331275686], [-47.865658342, -14.3378501774], [-47.8838803061, -14.3415636254], [-47.9142439097, -14.3305115976], [-47.9086920792, -14.2814181113], [-47.9397127668, -14.2858578257], [-47.9776044699, -14.2631228447], [-47.9984890133, -14.2670998096], [-48.0116586792, -14.2447888107], [-48.05257552, -14.2203419665], [-48.0951063379, -14.1900997349], [-48.1409386692, -14.1314331832], [-48.1626060443, -14.1097354259], [-48.1735223811, -14.0714086009], [-48.1949965715, -14.0297873269], [-48.2196623715, -14.0158877262], [-48.2531364319, -13.979145611], [-48.2666332745, -13.9527192728], [-48.3028581794, -13.9425671547], [-48.3258032261, -13.904313473], [-48.3388546102, -13.8442640291], [-48.2759118317, -13.8391803088], [-48.2089672865, -13.8214377473], [-48.179746283, -13.7825004326], [-48.145825938, -13.706716484], [-48.1218780179, -13.6341784088], [-48.0948001821, -13.6538720644]]]}}, {"type": "Feature", "properties": {"name": "Córrego do Ouro"}, "geometry": {"type": "Polygon", "coordinates": [[[-50.5304130038, -16.2283977676], [-50.5039991945, -16.2318671102], [-50.4723160683, -16.2701419059], [-50.483163811, -16.3279687635], [-50.4988612652, -16.3562360415], [-50.5172980452, -16.3870293316], [-50.5358837911, -16.3915500935], [-50.5408018698, -16.415379052], [-50.5347271095, -16.4375753571], [-50.5337440913, -16.4590063564], [-50.5319369212, -16.4900604721], [-50.5527979945, -16.5205788027], [-50.5829411181, -16.5097650851], [-50.611798124, -16.4955717885], [-50.6299180726, -16.5013862739], [-50.6383056792, -16.500049407], [-50.6565883976, -16.4648937597], [-50.6731088661, -16.4456962486], [-50.6780758462, -16.3908988666], [-50.6761322765, -16.3326714155], [-50.6106015558, -16.3214308234], [-50.6088652063, -16.275683799], [-50.5677712794, -16.2081679229], [-50.5304130038, -16.2283977676]]]}}, {"type": "Feature", "properties": {"name": "Corumbá de Goiás"}, "geometry": {"type": "Polygon", "coordinates": [[[-48.4988215176, -15.8214104951], [-48.4642130224, -15.8638133528], [-48.4412660309, -15.8964771243], [-48.4238042407, -15.9108096613], [-48.4135729142, -15.9585797938], [-48.4598630025, -15.9575958391], [-48.5414392195, -15.9151521422], [-48.6288161892, -15.9280610388], [-48.6308484877, -16.0089513716], [-48.6230853249, -16.0341848784], [-48.6196884249, -16.1061338171], [-48.6224113974, -16.1478972487], [-48.6728551883, -16.1466669793], [-48.6980569051, -16.1290088558], [-48.7272976294, -16.0927117788], [-48.7856852094, -16.0251779655], [-48.9069590283, -15.9890276579], [-48.9017124876, -15.9472719899], [-48.8744649482, -15.8771817349], [-48.8431581916, -15.8346336382], [-48.8370787629, -15.8305802138], [-48.7800153105, -15.8306623497], [-48.7006001187, -15.8555228535], [-48.678604376, -15.8332131729], [-48.6833536852, -15.7934680212], [-48.626684671, -15.7527335768], [-48.5511310126, -15.7865508493], [-48.4988215176, -15.8214104951]]]}}, {"type": "Feature", "properties": {"name": "Corumbaíba"}, "geometry": {"type": "Polygon", "coordinates": [[[-48.4447679297, -17.844381257], [-48.4106017561, -17.8629492909], [-48.3843337542, -17.9424409494], [-48.3090391893, -17.9536254118], [-48.3142980936, -17.9929249746], [-48.3226290335, -18.0525490595], [-48.3798092482, -18.1092638351], [-48.375821885, -18.1495367772], [-48.3244859398, -18.2428250254], [-48.3117747283, -18.2601476238], [-48.3151839192, -18.2800335197], [-48.3265193924, -18.3104382657], [-48.3379643533, -18.3242583061], [-48.3402928304, -18.3416785198], [-48.3630965068, -18.3689629006], [-48.4190703728, -18.3610747849], [-48.4809689962, -18.360189837], [-48.5467909348, -18.3513076495], [-48.5819119628, -18.3267700404], [-48.6406362863, -18.3398030841], [-48.6972920977, -18.349706975], [-48.7697352152, -18.3551495512], [-48.8316278735, -18.3456762491], [-48.9172881659, -18.305420906], [-48.8977909975, -18.2701509572], [-48.8597680006, -18.297720636], [-48.823378864, -18.238124251], [-48.777462479, -18.238270967], [-48.7297932749, -18.209235417], [-48.7268492841, -18.1917043313], [-48.7297334958, -18.1666433147], [-48.6850721416, -18.1178908782], [-48.6906831325, -18.0969894246], [-48.6560467667, -18.0787945598], [-48.6405692973, -18.0606943509], [-48.6035300868, -18.0624678993], [-48.5490733584, -18.0180386692], [-48.5186607539, -17.9320341071], [-48.4937127251, -17.8662544195], [-48.4527123193, -17.838087981], [-48.4447679297, -17.844381257]]]}}, {"type": "Feature", "properties": {"name": "Cristalina"}, "geometry": {"type": "Polygon", "coordinates": [[[-47.415219588, -16.050176566], [-47.3111176089, -16.0679668323], [-47.3127200314, -16.0851573234], [-47.33269601, -16.0854358321], [-47.3385307223, -16.1139030101], [-47.3522931703, -16.1323796799], [-47.3399874065, -16.1564921152], [-47.3400722161, -16.1848055993], [-47.3278229354, -16.2031789176], [-47.328648095, -16.2437990925], [-47.3504166597, -16.2742917594], [-47.3658349267, -16.3310467278], [-47.4186861729, -16.3834303897], [-47.4290812796, -16.4422065384], [-47.4525484149, -16.4902328399], [-47.4472136309, -16.5169128153], [-47.4301047306, -16.5407246988], [-47.4130738109, -16.5476664444], [-47.4119348784, -16.5650567363], [-47.3959885888, -16.5795434685], [-47.3736456045, -16.5919944879], [-47.3564328272, -16.5882805689], [-47.336520567, -16.5975187002], [-47.3200934095, -16.6065934164], [-47.3040221562, -16.6236264009], [-47.2860716684, -16.6336052066], [-47.2715181764, -16.6632569475], [-47.2534105583, -16.6632100498], [-47.2547888429, -16.6862964036], [-47.2482998596, -16.7082868113], [-47.2229134317, -16.7221195814], [-47.2340680864, -16.7442302748], [-47.2304645758, -16.7749549801], [-47.2152376856, -16.8016684649], [-47.2124628498, -16.8275390736], [-47.2072660421, -16.8756035449], [-47.2025447815, -16.8899377444], [-47.1724370362, -16.9180409133], [-47.1690753891, -16.9350753568], [-47.1515068033, -16.9547380399], [-47.1281300635, -16.976612589], [-47.1398491581, -17.0042566799], [-47.1402396331, -17.0168825456], [-47.1513758816, -17.0323035138], [-47.1622388334, -17.0410925078], [-47.1798725535, -17.0346182324], [-47.1869879374, -17.0572354245], [-47.1905987628, -17.0691693345], [-47.2072405555, -17.0798990088], [-47.230308015, -17.0859039505], [-47.2472884181, -17.0813118407], [-47.2640172265, -17.097083947], [-47.2754887299, -17.1226268241], [-47.2953779486, -17.1381667339], [-47.3232408815, -17.1551736431], [-47.3515461023, -17.1660431592], [-47.3491843552, -17.185767957], [-47.3501264242, -17.2051373484], [-47.3656860027, -17.2213191752], [-47.3848770253, -17.2265926869], [-47.3984754079, -17.2421899563], [-47.416492647, -17.2642457871], [-47.4251076116, -17.2831734914], [-47.4213540012, -17.3208064317], [-47.4538505926, -17.3314441675], [-47.4560987854, -17.3503667462], [-47.4903795056, -17.3443688841], [-47.5053830261, -17.3235490002], [-47.5074854722, -17.2919418691], [-47.5263522296, -17.2686388976], [-47.5303214484, -17.2421323848], [-47.5690736276, -17.2088058385], [-47.5774026787, -17.1993962927], [-47.6078757969, -17.1645266823], [-47.6431259777, -17.127821624], [-47.6622933644, -17.0869829175], [-47.6968180584, -17.06608612], [-47.7193179354, -17.0328476773], [-47.685097446, -16.949087554], [-47.7114483651, -16.9166318261], [-47.7891564846, -16.9276414905], [-47.8630676354, -16.9256899142], [-47.8947710679, -16.9103916608], [-47.8877660487, -16.8810339332], [-47.8919048653, -16.853376607], [-47.8940740156, -16.8344623429], [-47.9027445009, -16.8105551797], [-47.8876852287, -16.790473813], [-47.8799351693, -16.7668726607], [-47.8845477555, -16.7289103903], [-47.8812999258, -16.7119616621], [-47.8673260169, -16.6798569979], [-47.8540175205, -16.6629080163], [-47.8319069206, -16.645489196], [-47.8102738497, -16.6100399386], [-47.804458918, -16.5702498467], [-47.797519064, -16.5456458386], [-47.7950998795, -16.5316827713], [-47.7934652603, -16.5256072142], [-47.7799937831, -16.5362780006], [-47.7625710651, -16.559770332], [-47.7221305461, -16.5306506296], [-47.7020125193, -16.4537239839], [-47.6691834128, -16.4143521229], [-47.6538535224, -16.3265879303], [-47.6656885149, -16.2416982023], [-47.7316006483, -16.1656859141], [-47.7205193042, -16.1024604223], [-47.676628868, -16.0689859384], [-47.6170826281, -16.0502083198], [-47.415219588, -16.050176566]]]}}, {"type": "Feature", "properties": {"name": "Cristianópolis"}, "geometry": {"type": "Polygon", "coordinates": [[[-48.5721333013, -17.128908253], [-48.5877655352, -17.1722856375], [-48.6009054847, -17.206849359], [-48.7536316082, -17.2794937936], [-48.7963835661, -17.3384973918], [-48.787322425, -17.2824852298], [-48.8029628916, -17.2196961976], [-48.7948716716, -17.1892307399], [-48.735127709, -17.1677667366], [-48.6907670559, -17.1617763328], [-48.6377952994, -17.1649980695], [-48.5721333013, -17.128908253]]]}}, {"type": "Feature", "properties": {"name": "Crixás"}, "geometry": {"type": "Polygon", "coordinates": [[[-50.0813267103, -14.2281407635], [-50.0677699866, -14.2436104641], [-50.0208351787, -14.3114016498], [-49.9256340037, -14.3812337407], [-49.9183884643, -14.3638507662], [-49.9099374904, -14.3479936495], [-49.8731736838, -14.3328591036], [-49.8151145645, -14.3151512886], [-49.7985237777, -14.3287377519], [-49.7841610132, -14.3476466414], [-49.7811882587, -14.3879526478], [-49.7645562436, -14.4151766649], [-49.7368939448, -14.417917788], [-49.7376956375, -14.4421384625], [-49.7079282397, -14.44334698], [-49.702363398, -14.4687015487], [-49.7358069081, -14.4772983468], [-49.7709655122, -14.4773878612], [-49.7481914296, -14.4991606642], [-49.7604973371, -14.5320429506], [-49.7884957791, -14.5319504414], [-49.8234978428, -14.5680042457], [-49.8149414848, -14.5797916629], [-49.8223015125, -14.6023551103], [-49.80341403, -14.6174102612], [-49.7684426074, -14.6450574865], [-49.7588246032, -14.6478681171], [-49.7396656046, -14.6755956661], [-49.7453593907, -14.7012439388], [-49.762883607, -14.7311171987], [-49.7987219846, -14.7689385179], [-49.8243317061, -14.7811705137], [-49.8290820702, -14.8038262266], [-49.8386907179, -14.8421536634], [-49.8399141565, -14.8626351284], [-49.8501919665, -14.9004251598], [-49.8462699519, -14.9231761771], [-49.8457165817, -14.9524459652], [-49.8678319612, -14.98072001], [-49.8928968104, -14.9825596011], [-49.9214458249, -14.9758910761], [-49.9946965907, -15.0228490542], [-50.0528346008, -15.081706034], [-50.0781272165, -15.1359441336], [-50.111683084, -15.115455462], [-50.1241086462, -15.0917737248], [-50.1402206976, -15.0826858621], [-50.1639126276, -15.0645865746], [-50.1988271834, -15.0487192687], [-50.2000545307, -15.0218846223], [-50.2421010394, -14.9824281705], [-50.280051544, -14.9505800037], [-50.3140765413, -14.9434272201], [-50.313354731, -14.9134449271], [-50.3026656284, -14.8983418088], [-50.3326070422, -14.8607223522], [-50.339639299, -14.8355738403], [-50.3529367325, -14.8226932327], [-50.3715215743, -14.8125552544], [-50.3954938544, -14.7905741406], [-50.4149306622, -14.7974681868], [-50.4362443614, -14.7482005753], [-50.4141026547, -14.7299586905], [-50.3238015777, -14.7251323329], [-50.2763562619, -14.7339580349], [-50.2394342158, -14.6390978486], [-50.2458587837, -14.6129560126], [-50.2826357444, -14.5910568218], [-50.2878878818, -14.5561990317], [-50.26877589, -14.5453942424], [-50.2777752372, -14.5217121914], [-50.2883004214, -14.5015717209], [-50.2992450982, -14.4777011617], [-50.3114940676, -14.4381308132], [-50.3312537681, -14.3964315579], [-50.3397980789, -14.3776883104], [-50.2633341264, -14.2555067798], [-50.1185546332, -14.1779489495], [-50.0995780511, -14.2283918171], [-50.0813267103, -14.2281407635]]]}}, {"type": "Feature", "properties": {"name": "Cromínia"}, "geometry": {"type": "Polygon", "coordinates": [[[-49.320327868, -17.1306978156], [-49.2954100655, -17.1462710969], [-49.263575388, -17.1847168592], [-49.2691553712, -17.2156929637], [-49.2648298696, -17.2458756641], [-49.2863570304, -17.278473953], [-49.2933229626, -17.3053051055], [-49.2926247408, -17.3218310133], [-49.2968254002, -17.3568467517], [-49.3016611131, -17.3694135156], [-49.3231207232, -17.3626959799], [-49.3467974098, -17.3345432381], [-49.4288667263, -17.3061451395], [-49.4734997459, -17.276533805], [-49.470471048, -17.2501416352], [-49.4399378059, -17.2295044122], [-49.4368581548, -17.165942671], [-49.4339932036, -17.1517581373], [-49.320327868, -17.1306978156]]]}}, {"type": "Feature", "properties": {"name": "Cumari"}, "geometry": {"type": "Polygon", "coordinates": [[[-48.2247103366, -18.196074959], [-48.1761576496, -18.2237005084], [-48.1226423069, -18.232904572], [-48.0434284376, -18.2800346728], [-48.0136372792, -18.3011688991], [-47.9490733208, -18.323683889], [-47.9397644312, -18.3470703278], [-47.9403216521, -18.3805683944], [-47.9670423565, -18.3859735513], [-47.9986775794, -18.4036737495], [-48.0475945952, -18.4165057455], [-48.0953630238, -18.4295244791], [-48.1593143941, -18.384032211], [-48.2262447688, -18.3574342692], [-48.2034834366, -18.3389994065], [-48.1696243407, -18.3170759168], [-48.2238776675, -18.2774104894], [-48.2618755255, -18.2952305405], [-48.2878451548, -18.3482223407], [-48.3131812025, -18.3843775653], [-48.344488006, -18.3543456991], [-48.3399064158, -18.3192401227], [-48.3282916342, -18.3063043274], [-48.3217136099, -18.2864099515], [-48.309155322, -18.271135056], [-48.3192871679, -18.2488196494], [-48.2954643633, -18.2410684452], [-48.2805730249, -18.2307288464], [-48.2681534762, -18.2209201354], [-48.2441835942, -18.2068943766], [-48.2247103366, -18.196074959]]]}}, {"type": "Feature", "properties": {"name": "Damianópolis"}, "geometry": {"type": "Polygon", "coordinates": [[[-46.2557074584, -14.4381470568], [-46.1955464849, -14.4548983354], [-46.1444363899, -14.5053874024], [-46.1181610165, -14.5492565717], [-46.0776860459, -14.6087109141], [-46.0205578417, -14.6629052107], [-46.1615974915, -14.664522701], [-46.2093229832, -14.6078190229], [-46.2826528094, -14.5518103885], [-46.3329291898, -14.4666850376], [-46.2770796226, -14.4333370462], [-46.2557074584, -14.4381470568]]]}}, {"type": "Feature", "properties": {"name": "Damolândia"}, "geometry": {"type": "Polygon", "coordinates": [[[-49.3617941204, -16.2023778374], [-49.3304911416, -16.2164726076], [-49.2889416409, -16.2312181722], [-49.3074906638, -16.3107391251], [-49.3448837487, -16.2699120448], [-49.3779923775, -16.3057627437], [-49.3691570001, -16.2228869899], [-49.3942729291, -16.1892391337], [-49.3617941204, -16.2023778374]]]}}, {"type": "Feature", "properties": {"name": "Davinópolis"}, "geometry": {"type": "Polygon", "coordinates": [[[-47.491589172, -18.0553951398], [-47.4148597633, -18.129590807], [-47.4349237591, -18.1515227189], [-47.4440984692, -18.1584654831], [-47.4795425698, -18.1767602455], [-47.4894541996, -18.1919693187], [-47.5302036108, -18.2173868609], [-47.5341259958, -18.1981555398], [-47.5671227982, -18.2034031146], [-47.5810161141, -18.231245811], [-47.6274301155, -18.2259535666], [-47.6289360166, -18.2098756856], [-47.6381226458, -18.1750311223], [-47.6645707063, -18.1582012719], [-47.6774250291, -18.15356231], [-47.7075158304, -18.122003355], [-47.6931059655, -18.1054124858], [-47.6641797777, -18.0753414279], [-47.6610017657, -18.0437431748], [-47.6160204871, -18.0438910082], [-47.5933834008, -17.9965136821], [-47.491589172, -18.0553951398]]]}}, {"type": "Feature", "properties": {"name": "Diorama"}, "geometry": {"type": "Polygon", "coordinates": [[[-51.1780308613, -16.1147380562], [-51.1707209198, -16.1383055638], [-51.1659956889, -16.1661090774], [-51.1504739206, -16.2032590678], [-51.1264637342, -16.2630680601], [-51.122357978, -16.2956724903], [-51.2381867341, -16.2954534878], [-51.4114999563, -16.2753182153], [-51.4292462403, -16.3106202521], [-51.4650064834, -16.3067524043], [-51.5325811498, -16.2759071618], [-51.5797058648, -16.2259828914], [-51.6160324015, -16.183562882], [-51.5809986725, -16.175677506], [-51.5479924287, -16.1737569355], [-51.5336327992, -16.1470218211], [-51.4969989095, -16.1270385617], [-51.4723013174, -16.117844017], [-51.4572245144, -16.1268368925], [-51.4446943086, -16.1520543363], [-51.4334930176, -16.1772017236], [-51.4404593737, -16.1982868819], [-51.4237458759, -16.2064286938], [-51.3911992935, -16.1948689021], [-51.3780260316, -16.1874435116], [-51.3606896214, -16.210287954], [-51.3420405386, -16.2027083802], [-51.3198629511, -16.1945177848], [-51.3042454053, -16.1999197524], [-51.2966543731, -16.1853153388], [-51.2612202706, -16.1828980483], [-51.2260281577, -16.1302095756], [-51.2020975787, -16.0697308687], [-51.1955231609, -16.0986195253], [-51.1780308613, -16.1147380562]]]}}, {"type": "Feature", "properties": {"name": "Doverlândia"}, "geometry": {"type": "Polygon", "coordinates": [[[-52.5991111962, -16.5327540655], [-52.5706470314, -16.5297967604], [-52.5369555973, -16.5490692631], [-52.4912460051, -16.5631541692], [-52.453467201, -16.5525944727], [-52.4168075046, -16.5421225504], [-52.364600979, -16.535806861], [-52.330196752, -16.5644827823], [-52.309472722, -16.5783096161], [-52.2364908414, -16.5762999849], [-52.1925627971, -16.5948890177], [-52.1399076946, -16.6223554974], [-52.1312736059, -16.6463433822], [-52.14050071, -16.6769803643], [-52.1284164234, -16.7087874837], [-52.1458610331, -16.7298684981], [-52.1564465923, -16.7562107818], [-52.175692979, -16.7811699646], [-52.1813564252, -16.8060424964], [-52.2374672435, -16.8227963441], [-52.260236544, -16.8672614804], [-52.2995797141, -16.9317801562], [-52.3442213881, -16.9400791559], [-52.3841514608, -16.9471093394], [-52.4096517733, -16.908319156], [-52.4115009883, -16.9350695889], [-52.412361348, -16.9657714724], [-52.4194662803, -16.9835061102], [-52.4250880331, -16.9888249179], [-52.4215414063, -17.0442647898], [-52.4041056825, -17.0703223399], [-52.3967251944, -17.0973565049], [-52.3925555209, -17.1231501934], [-52.4013329685, -17.1546458951], [-52.4116672273, -17.1956841664], [-52.4204352078, -17.228945176], [-52.4451610758, -17.2864415181], [-52.4776419279, -17.244909107], [-52.510752635, -17.2059249765], [-52.5176099767, -17.1308234922], [-52.5205519925, -17.1002031912], [-52.550800102, -17.0824605958], [-52.5696654684, -17.0495779612], [-52.5855841319, -17.0398057637], [-52.6120589556, -17.0289391611], [-52.6323055163, -17.0068325262], [-52.6339974885, -17.0022186], [-52.6182208162, -16.9649456467], [-52.6526662561, -16.9652653898], [-52.6685869185, -16.9683248625], [-52.7122981912, -16.9620900588], [-52.7340306205, -16.9558940105], [-52.7616704683, -16.9375506655], [-52.7868724919, -16.9061730939], [-52.815257061, -16.9005989044], [-52.8227491323, -16.8753096457], [-52.8290797925, -16.8468675218], [-52.8265429996, -16.820433566], [-52.8354384059, -16.8041136207], [-52.8318856849, -16.7718926719], [-52.7999767424, -16.747786166], [-52.7792249137, -16.7075317784], [-52.7547216285, -16.6718155494], [-52.7399457384, -16.6563578879], [-52.7240563726, -16.6463302208], [-52.7403369427, -16.6034684371], [-52.7075584484, -16.5989037669], [-52.6897763187, -16.5838128174], [-52.6698324534, -16.5587500952], [-52.646529607, -16.5454725758], [-52.6289490944, -16.5173330185], [-52.5991111962, -16.5327540655]]]}}, {"type": "Feature", "properties": {"name": "Edealina"}, "geometry": {"type": "Polygon", "coordinates": [[[-49.7083267553, -17.2065020518], [-49.6687412031, -17.250791008], [-49.6444669858, -17.2957312723], [-49.6458830848, -17.3404644598], [-49.6404074976, -17.372320898], [-49.6474150859, -17.3876529341], [-49.6306029655, -17.4010959447], [-49.6269403857, -17.4346843883], [-49.647100521, -17.4318274925], [-49.6390466244, -17.4600195921], [-49.6284341676, -17.4836820382], [-49.6687143825, -17.4991576971], [-49.6694387906, -17.5233874466], [-49.6812727071, -17.5475075706], [-49.7165725711, -17.550347343], [-49.732772012, -17.5646141482], [-49.7589904624, -17.5844685675], [-49.801380757, -17.5870588267], [-49.8431057803, -17.5824902482], [-49.8614108148, -17.6074681165], [-49.8869363009, -17.6097276624], [-49.9066722827, -17.6141500337], [-49.903663708, -17.5852424877], [-49.8734375915, -17.5056086523], [-49.7785778279, -17.4593329279], [-49.7152085938, -17.4599468036], [-49.763509637, -17.4023946033], [-49.74113186, -17.3378788208], [-49.7864393329, -17.2901367389], [-49.7534700658, -17.2136278997], [-49.7160217984, -17.1928691483], [-49.7083267553, -17.2065020518]]]}}, {"type": "Feature", "properties": {"name": "Edéia"}, "geometry": {"type": "Polygon", "coordinates": [[[-49.8541482081, -17.2044411564], [-49.8234683365, -17.2271339946], [-49.7951893763, -17.3115522967], [-49.7467426, -17.3763982419], [-49.7307154081, -17.4152772692], [-49.7459038872, -17.4527644982], [-49.7971378459, -17.481401718], [-49.8918028892, -17.514944663], [-49.9234400895, -17.605176652], [-49.9426085649, -17.6015345612], [-49.9447412414, -17.6412800111], [-49.9678550727, -17.6433868929], [-50.0131272432, -17.6621880191], [-50.0340474876, -17.6946587617], [-50.0393842163, -17.7126317393], [-50.0781354929, -17.7145536424], [-50.0722184875, -17.7600931258], [-50.0832405995, -17.7740583716], [-50.109359765, -17.784606026], [-50.1319120644, -17.7981745984], [-50.1799956933, -17.7786799822], [-50.2082750904, -17.7706234242], [-50.2087626894, -17.7460785109], [-50.2004058731, -17.7203050306], [-50.1888011501, -17.6746858012], [-50.1602687667, -17.6527211777], [-50.1455178344, -17.5937121083], [-50.1144969035, -17.5982183717], [-50.1018228319, -17.5718687701], [-50.082768169, -17.5444715231], [-50.0749365556, -17.5091917657], [-50.0784062611, -17.4722213275], [-50.0527427611, -17.4413948242], [-50.0527974767, -17.374407709], [-50.0158222343, -17.349018739], [-49.9935497287, -17.3116659809], [-50.000186181, -17.2296637905], [-49.9339050281, -17.2154697908], [-49.8541482081, -17.2044411564]]]}}, {"type": "Feature", "properties": {"name": "Estrela do Norte"}, "geometry": {"type": "Polygon", "coordinates": [[[-49.1286641428, -13.6865690263], [-49.1307557009, -13.7333512618], [-49.0832718722, -13.7474608946], [-49.0283168024, -13.7642056737], [-48.9894116073, -13.7418015648], [-48.9957441729, -13.7862176451], [-48.9941394001, -13.8171477108], [-49.0219944841, -13.8683281162], [-49.0670710373, -13.9181750613], [-49.1124418611, -13.9119340947], [-49.1404983, -13.8518466215], [-49.1595034299, -13.8041472033], [-49.1760804121, -13.7591229671], [-49.1627585541, -13.7111689738], [-49.1367988771, -13.6889348216], [-49.1286641428, -13.6865690263]]]}}, {"type": "Feature", "properties": {"name": "Faina"}, "geometry": {"type": "Polygon", "coordinates": [[[-50.2449986224, -15.2347705541], [-50.1681367172, -15.249927083], [-50.121222836, -15.2443161501], [-50.0848032002, -15.260208142], [-50.1313854515, -15.3375871683], [-50.1540254774, -15.4072714737], [-50.155131061, -15.4686271044], [-50.1568895432, -15.5238335996], [-50.1556049535, -15.5606763537], [-50.123521769, -15.6469416485], [-50.2156913369, -15.6399589803], [-50.2603021872, -15.6292765645], [-50.2939058526, -15.6449283772], [-50.3217167645, -15.642590276], [-50.3379949417, -15.6341378031], [-50.3468922668, -15.6244715956], [-50.3645243148, -15.6308352154], [-50.3808304571, -15.6502670101], [-50.4011460766, -15.6328885104], [-50.4525741296, -15.633835552], [-50.4821883527, -15.6372059688], [-50.5014957964, -15.5904225455], [-50.5265236377, -15.5567122506], [-50.5252957, -15.4942051921], [-50.5240530146, -15.4498175632], [-50.5477166003, -15.4502046741], [-50.6100218779, -15.4643938843], [-50.6706938132, -15.4037196161], [-50.7123555092, -15.3151447079], [-50.7138064971, -15.2688848553], [-50.6777473943, -15.2498074576], [-50.6483511164, -15.2448336711], [-50.6148033273, -15.2649420358], [-50.5820541024, -15.2733339828], [-50.5558138019, -15.2796036813], [-50.5194955653, -15.3040817841], [-50.472248375, -15.3477163864], [-50.4479956926, -15.3673914559], [-50.4063683154, -15.3470212499], [-50.3521048457, -15.293389893], [-50.3088576608, -15.2701635495], [-50.2668273125, -15.247592388], [-50.2449986224, -15.2347705541]]]}}, {"type": "Feature", "properties": {"name": "Fazenda Nova"}, "geometry": {"type": "Polygon", "coordinates": [[[-51.2113011754, -15.9449418294], [-51.1509923874, -15.9514932334], [-51.1097982463, -15.963376338], [-51.0676918107, -15.9674384495], [-51.0331947534, -15.9880982127], [-51.0070476324, -16.0184003039], [-50.9692597736, -16.0158138033], [-50.9087890408, -16.0524448878], [-50.8519978454, -16.0139835436], [-50.7909454485, -16.004578948], [-50.8091912126, -16.0434259436], [-50.6809364904, -16.1109296005], [-50.6419088669, -16.1305971026], [-50.6069420305, -16.1563238258], [-50.5974688057, -16.2065253848], [-50.5984439076, -16.3009175682], [-50.6436625753, -16.3190273979], [-50.6757145446, -16.3567948645], [-50.6806851239, -16.413636183], [-50.7244953535, -16.3963976907], [-50.7549941826, -16.3432887481], [-50.7920204311, -16.3213491921], [-50.8121573524, -16.2810509214], [-50.8354874488, -16.2438617524], [-50.8480248018, -16.2275235407], [-50.9114420608, -16.1967285547], [-50.9578533715, -16.1709315541], [-50.9862183246, -16.1474237306], [-51.0063818468, -16.1197616209], [-51.0613046196, -16.1080744258], [-51.1065936148, -16.0802094531], [-51.1725498789, -16.0303106097], [-51.2103839027, -16.0211909646], [-51.2449367732, -15.9675924142], [-51.2408545524, -15.9477240481], [-51.2113011754, -15.9449418294]]]}}, {"type": "Feature", "properties": {"name": "Firminópolis"}, "geometry": {"type": "Polygon", "coordinates": [[[-50.2406877986, -16.5682760919], [-50.2354911771, -16.6397161639], [-50.2097104653, -16.6792082747], [-50.2181174642, -16.7081578166], [-50.2542184206, -16.7604790165], [-50.2689629095, -16.7931828223], [-50.3113579485, -16.7576680018], [-50.3584397582, -16.7342533648], [-50.3712968457, -16.6911453321], [-50.3856056889, -16.6373020454], [-50.4155681422, -16.6278539162], [-50.4543642696, -16.6662618656], [-50.4864361353, -16.6502086121], [-50.4449987549, -16.5953001238], [-50.3942457559, -16.590728567], [-50.3460505079, -16.5756527122], [-50.2895549511, -16.533470558], [-50.2657767939, -16.491080106], [-50.24213582, -16.4843887016], [-50.2467680958, -16.5512520787], [-50.2406877986, -16.5682760919]]]}}, {"type": "Feature", "properties": {"name": "Flores de Goiás"}, "geometry": {"type": "Polygon", "coordinates": [[[-46.9945304432, -14.081760296], [-46.9789959067, -14.0966371201], [-46.9376058797, -14.1025600018], [-46.9595485438, -14.1567435891], [-46.9857410073, -14.1882047786], [-46.9788793735, -14.2214609001], [-46.9443217694, -14.2520905437], [-46.9325489324, -14.2720997714], [-46.9198314744, -14.3177877613], [-46.8811548694, -14.3687986864], [-46.8772855916, -14.3883927474], [-46.8886069701, -14.4110282497], [-46.8878529911, -14.4368838654], [-46.8596395049, -14.4385102505], [-46.8506313817, -14.4894363077], [-46.8720924377, -14.5175248598], [-46.8496319598, -14.5275838113], [-46.8500462862, -14.5339804133], [-46.8385443333, -14.5460701152], [-46.8329089771, -14.5563588676], [-46.8118005457, -14.557162093], [-46.7905486895, -14.5626073617], [-46.7602678253, -14.5679057762], [-46.7479314773, -14.5868049178], [-46.7381295051, -14.6032428501], [-46.7241328944, -14.6020113102], [-46.7034027377, -14.6102081563], [-46.6919086425, -14.6316805383], [-46.6864922673, -14.6826690143], [-46.6659388312, -14.7326469286], [-46.6660963531, -14.7578347739], [-46.6362158112, -14.7722622673], [-46.6270170642, -14.8017621455], [-46.6102112644, -14.8290703607], [-46.6045159303, -14.8526762575], [-46.5950151578, -14.8854440985], [-46.5884640476, -14.9166839562], [-46.5793030392, -14.9429876209], [-46.5630223644, -14.9856403957], [-46.5479871164, -15.0382604269], [-46.550889298, -15.063429372], [-46.6101849183, -15.0835630779], [-46.6997946087, -15.05299384], [-46.8564662721, -15.0098206062], [-46.9759171304, -14.9306788826], [-47.0633793885, -14.8750117996], [-47.0723779453, -14.8096762287], [-47.1058266666, -14.7852006809], [-47.0991602177, -14.7400649821], [-47.1034625624, -14.7203493937], [-47.1018025643, -14.6790499585], [-47.1019335529, -14.654785195], [-47.0860738613, -14.6445646298], [-47.0903533098, -14.6261092659], [-47.0790323683, -14.6087532787], [-47.0718271931, -14.5963133505], [-47.0822946806, -14.5651257388], [-47.0999954022, -14.5450138634], [-47.1174930093, -14.5393922756], [-47.1497133253, -14.5264172882], [-47.1585181792, -14.4738042879], [-47.1803840538, -14.4222275361], [-47.1896865283, -14.3296512084], [-47.177846363, -14.2884738405], [-47.0902226768, -14.1747850033], [-47.0532112476, -14.103425759], [-46.9945304432, -14.081760296]]]}}, {"type": "Feature", "properties": {"name": "Formosa"}, "geometry": {"type": "Polygon", "coordinates": [[[-47.1174930093, -14.5393922756], [-47.0999954022, -14.5450138634], [-47.0822946806, -14.5651257388], [-47.0718271931, -14.5963133505], [-47.0790323683, -14.6087532787], [-47.0903533098, -14.6261092659], [-47.0860738613, -14.6445646298], [-47.1019335529, -14.654785195], [-47.1160671797, -14.6771515554], [-47.132074469, -14.6795640714], [-47.1388908395, -14.6903101336], [-47.1485772724, -14.7122569339], [-47.1778270116, -14.7448215406], [-47.2017965144, -14.7845261112], [-47.2176556395, -14.7989156732], [-47.2188591168, -14.8392902938], [-47.2185444072, -14.8590375991], [-47.2141274522, -14.8720513487], [-47.2320523955, -14.894596231], [-47.2101277351, -14.9022984673], [-47.2109876394, -14.9425927432], [-47.2070531344, -14.9570031199], [-47.1723281923, -14.9896761874], [-47.1725753222, -15.0320812717], [-47.1552417077, -15.0765042819], [-47.1441839084, -15.0970409359], [-47.1151282917, -15.100812673], [-47.0649385812, -15.0793247651], [-47.0485423225, -15.0967049772], [-47.0434619487, -15.1139889869], [-47.0328498413, -15.1336031629], [-47.0166838545, -15.1592008791], [-47.013460968, -15.194259019], [-47.0131273729, -15.2135662538], [-46.9927706878, -15.2472732145], [-46.9598118486, -15.2829261344], [-46.8912689992, -15.2960587403], [-46.8605243481, -15.3505140394], [-46.8659108571, -15.3855557989], [-46.9328430006, -15.4597789432], [-46.9425457533, -15.5665468081], [-46.9031017076, -15.6186241938], [-46.930239386, -15.6428398777], [-46.9683660304, -15.6617245076], [-46.9810479518, -15.6494446495], [-47.0089565551, -15.6327845834], [-47.0133462856, -15.5712110371], [-47.0736275735, -15.5542215101], [-47.1775224735, -15.5967444209], [-47.1486798173, -15.6549652699], [-47.1203181582, -15.6960837871], [-47.1121839296, -15.7735298879], [-47.118990126, -15.8255602291], [-47.114411292, -15.8549537782], [-47.1100866095, -15.8741350169], [-47.1155463377, -15.896479999], [-47.1347376878, -15.9277105511], [-47.1508990201, -15.9345361532], [-47.160075396, -15.9420624163], [-47.1700382112, -15.9574458526], [-47.1685875539, -15.9664533546], [-47.1864985665, -15.9708565297], [-47.1948253756, -15.980983987], [-47.2105918997, -16.0032222669], [-47.2279619503, -16.0121735698], [-47.2674327203, -16.0142955961], [-47.2873091704, -16.0092253766], [-47.3000633002, -16.0166020375], [-47.3085704877, -16.0356352204], [-47.3235429951, -16.0285698669], [-47.3443237241, -16.0108543736], [-47.3681255628, -15.9936236527], [-47.3773755834, -15.9733743157], [-47.3698259343, -15.9554932082], [-47.3630472554, -15.9298483489], [-47.3671271483, -15.9172309559], [-47.3756799791, -15.8824288834], [-47.3723277007, -15.8632929982], [-47.3668804784, -15.8360624998], [-47.3569810966, -15.8232863048], [-47.3382952534, -15.79418284], [-47.3283019167, -15.7669501531], [-47.3137180365, -15.7467836675], [-47.3136801371, -15.7004110019], [-47.326545346, -15.6731533673], [-47.3159632829, -15.5958319262], [-47.3439198885, -15.5812137206], [-47.3791025684, -15.5727765544], [-47.416912042, -15.4998642998], [-47.4896541013, -15.4213239979], [-47.4756276095, -15.3407823774], [-47.5109092467, -15.2875455303], [-47.5080430617, -15.2610068342], [-47.5251568865, -15.1782395177], [-47.5694363646, -15.0565689575], [-47.5715984348, -14.9719199143], [-47.5478831801, -14.925477078], [-47.4897646687, -14.842163685], [-47.3920174285, -14.8161053345], [-47.3572428472, -14.7757562668], [-47.3252440574, -14.7722856441], [-47.309850366, -14.7591932598], [-47.3179857959, -14.7422924127], [-47.2980753041, -14.7247404019], [-47.2770968179, -14.6918751914], [-47.2401569126, -14.6915382794], [-47.236162173, -14.6735079756], [-47.2328821547, -14.6564543141], [-47.2247137217, -14.6339731797], [-47.2153549624, -14.6264158053], [-47.2204929245, -14.6068268293], [-47.20602391, -14.5941413164], [-47.1961574011, -14.5759793757], [-47.1913213939, -14.555772416], [-47.1676874073, -14.5407172718], [-47.159930889, -14.5468406076], [-47.1174930093, -14.5393922756]]]}}, {"type": "Feature", "properties": {"name": "Formoso"}, "geometry": {"type": "Polygon", "coordinates": [[[-48.8120238847, -13.4688171932], [-48.778555836, -13.5045509297], [-48.7520541661, -13.5518730461], [-48.72796643, -13.5808866525], [-48.7150547984, -13.6150840163], [-48.726465028, -13.6681049613], [-48.7875824493, -13.7100637684], [-48.7886603563, -13.7869851364], [-48.8023836251, -13.8149850399], [-48.8607673018, -13.8557195972], [-48.8866046624, -13.923850428], [-48.9429406105, -13.9289315258], [-48.9924998589, -13.9042873386], [-49.0234373609, -13.8896076403], [-49.0247222271, -13.8493851413], [-48.9911874211, -13.8090239365], [-48.997022486, -13.7821440762], [-48.9894646824, -13.7332740722], [-48.9639646471, -13.684023908], [-48.9296043518, -13.6626875615], [-48.9075542579, -13.6103106615], [-48.8613873327, -13.5733504627], [-48.8303842421, -13.5349934218], [-48.8316593178, -13.4938503231], [-48.8120238847, -13.4688171932]]]}}, {"type": "Feature", "properties": {"name": "Gameleira de Goiás"}, "geometry": {"type": "Polygon", "coordinates": [[[-48.7185234789, -16.2811838262], [-48.640606247, -16.2816539484], [-48.6116809452, -16.3128927157], [-48.5882712718, -16.3267257149], [-48.5427365463, -16.3402076109], [-48.5202446876, -16.3330817153], [-48.521257014, -16.3650789121], [-48.5339426637, -16.4038186293], [-48.6008396511, -16.4417467515], [-48.5483569544, -16.4885829268], [-48.585645937, -16.5118427929], [-48.618117735, -16.5311485518], [-48.6446240207, -16.5189531583], [-48.6697043513, -16.5085954242], [-48.6963632345, -16.4903181374], [-48.736503877, -16.4946930514], [-48.7536700267, -16.4929022529], [-48.7767187796, -16.4752513477], [-48.7843021476, -16.4548240109], [-48.865541825, -16.4206283243], [-48.9089537149, -16.3959306968], [-48.8610921182, -16.4001397968], [-48.7605625711, -16.3850754426], [-48.75040687, -16.3317158699], [-48.7246927664, -16.2846137644], [-48.7185234789, -16.2811838262]]]}}, {"type": "Feature", "properties": {"name": "Divinópolis de Goiás"}, "geometry": {"type": "Polygon", "coordinates": [[[-46.4419966124, -13.0640889806], [-46.4090494944, -13.1078930575], [-46.3799885017, -13.2276784039], [-46.3823663466, -13.2851766153], [-46.3817142085, -13.3363420774], [-46.3826334673, -13.3824214954], [-46.7069081957, -13.3751479459], [-46.700104415, -13.3411308574], [-46.7032017496, -13.3063479086], [-46.6862392295, -13.2901773184], [-46.6827495537, -13.2432172188], [-46.6466093982, -13.2362819794], [-46.6015742441, -13.2151455509], [-46.5729346257, -13.1932850626], [-46.5420766763, -13.1692770639], [-46.528165376, -13.139729783], [-46.5121377423, -13.1179262257], [-46.4728568789, -13.0788142561], [-46.4506800725, -13.0545567326], [-46.4419966124, -13.0640889806]]]}}, {"type": "Feature", "properties": {"name": "Goianápolis"}, "geometry": {"type": "Polygon", "coordinates": [[[-48.9841548573, -16.4177693645], [-49.0211308289, -16.5244841494], [-49.0648652747, -16.5778083497], [-49.1049347173, -16.5613763202], [-49.1392382705, -16.5784207146], [-49.1872913528, -16.5486687713], [-49.1447674773, -16.5239168189], [-49.0797691999, -16.50009408], [-49.0460949683, -16.4493986137], [-48.9815387467, -16.4041575667], [-48.9841548573, -16.4177693645]]]}}, {"type": "Feature", "properties": {"name": "Goiandira"}, "geometry": {"type": "Polygon", "coordinates": [[[-48.1728772909, -17.9691694183], [-48.1268207657, -17.9737149425], [-48.1021834538, -17.9929595275], [-48.0887644036, -18.0105554104], [-48.0831825692, -18.0354511014], [-48.0718733917, -18.0428868771], [-48.0333238132, -18.0654110281], [-48.0215945332, -18.1113074687], [-48.0498483448, -18.142283932], [-48.0095617417, -18.1785705766], [-48.0293463934, -18.2050449203], [-48.045322136, -18.2416378286], [-48.1311804424, -18.2297913723], [-48.1825445012, -18.2182801999], [-48.2313200062, -18.2008950445], [-48.2621248397, -18.2149790073], [-48.2646897297, -18.2106390415], [-48.2731228211, -18.1902638109], [-48.2734850401, -18.1612511488], [-48.2596263629, -18.1296509461], [-48.2457386108, -18.1239113943], [-48.2280991242, -18.0781160999], [-48.2107944049, -18.0602528068], [-48.2157093928, -18.0202032501], [-48.2102699026, -18.0103230504], [-48.1971573697, -18.0034541806], [-48.1884601391, -17.9736645691], [-48.1728772909, -17.9691694183]]]}}, {"type": "Feature", "properties": {"name": "Goianésia"}, "geometry": {"type": "Polygon", "coordinates": [[[-49.1413578594, -15.1605256727], [-49.0845860902, -15.157935798], [-49.0361920721, -15.1292330311], [-48.972604347, -15.1421106201], [-48.9095331211, -15.1788814255], [-48.9220194628, -15.2428450141], [-49.0101085037, -15.2736287579], [-49.0457997405, -15.3041216742], [-49.0807943482, -15.3575286287], [-49.0755496488, -15.4071184939], [-49.0745492458, -15.4490164299], [-49.0821879507, -15.5124272274], [-49.1073336388, -15.5440677537], [-49.1862718466, -15.6020236965], [-49.2117732921, -15.5666425522], [-49.2381898514, -15.5521212251], [-49.2254913696, -15.5233662323], [-49.2295220813, -15.5050514974], [-49.2296313475, -15.4645528388], [-49.2695249313, -15.4473616874], [-49.2974073971, -15.4105851219], [-49.2754692907, -15.3566720559], [-49.2825527482, -15.328862674], [-49.3195806005, -15.3378847687], [-49.3482677062, -15.3380483412], [-49.3428294721, -15.2952106498], [-49.3248298833, -15.2206332916], [-49.3078205777, -15.1588263034], [-49.2994386097, -15.0680509814], [-49.2895175824, -14.9916638764], [-49.1504393406, -15.030407254], [-49.1706633547, -15.0731395122], [-49.1766293304, -15.1128926789], [-49.1413578594, -15.1605256727]]]}}, {"type": "Feature", "properties": {"name": "Goiânia"}, "geometry": {"type": "Polygon", "coordinates": [[[-49.176099426, -16.4647417917], [-49.1960236735, -16.4931838617], [-49.1872913528, -16.5486687713], [-49.1392382705, -16.5784207146], [-49.1049347173, -16.5613763202], [-49.1258222287, -16.6230736843], [-49.1684982197, -16.6533791983], [-49.1946461414, -16.6939439591], [-49.1756900797, -16.724531505], [-49.1554071364, -16.7202124114], [-49.1443767886, -16.7504605238], [-49.1597925371, -16.7899581729], [-49.2202722038, -16.7387323523], [-49.2847671636, -16.7461840829], [-49.3379304529, -16.7530888061], [-49.3614436491, -16.8047214237], [-49.3902259792, -16.796366583], [-49.4223807596, -16.7323374796], [-49.4384648417, -16.6792538566], [-49.4032976227, -16.6431999958], [-49.3837405217, -16.6339771549], [-49.3892162213, -16.595741225], [-49.3964397889, -16.5887688499], [-49.3584650606, -16.5597420531], [-49.322659378, -16.5456176235], [-49.2777941502, -16.5269663051], [-49.2487708171, -16.4912134035], [-49.2272742691, -16.4658463746], [-49.176099426, -16.4647417917]]]}}, {"type": "Feature", "properties": {"name": "Goianira"}, "geometry": {"type": "Polygon", "coordinates": [[[-49.3962428811, -16.4439065488], [-49.3540428035, -16.454783518], [-49.3698501321, -16.5004619576], [-49.3524149489, -16.5100355602], [-49.3444898275, -16.5301979972], [-49.3420520692, -16.5469775763], [-49.3584650606, -16.5597420531], [-49.4087531683, -16.5683407019], [-49.4550350145, -16.5365133944], [-49.5947156218, -16.5257719576], [-49.6137734667, -16.4914996334], [-49.5772703168, -16.4973788635], [-49.5235822911, -16.4965091016], [-49.4973826214, -16.4736774525], [-49.4493283307, -16.4351086431], [-49.3984936522, -16.4263187652], [-49.3962428811, -16.4439065488]]]}}, {"type": "Feature", "properties": {"name": "Goiás"}, "geometry": {"type": "Polygon", "coordinates": [[[-50.5265236377, -15.5567122506], [-50.5014957964, -15.5904225455], [-50.4821883527, -15.6372059688], [-50.4525741296, -15.633835552], [-50.4011460766, -15.6328885104], [-50.3808304571, -15.6502670101], [-50.3645243148, -15.6308352154], [-50.3468922668, -15.6244715956], [-50.3379949417, -15.6341378031], [-50.3217167645, -15.642590276], [-50.2939058526, -15.6449283772], [-50.2603021872, -15.6292765645], [-50.2156913369, -15.6399589803], [-50.123521769, -15.6469416485], [-50.0898320218, -15.6870130049], [-50.0669658483, -15.7029188407], [-50.0650442283, -15.781207399], [-49.9960499388, -15.7740165393], [-49.9331914546, -15.7648101376], [-49.9044079931, -15.7677516597], [-49.852465872, -15.7762932205], [-49.837499249, -15.8029062629], [-49.8134125104, -15.8350772669], [-49.8149657212, -15.8923091843], [-49.841769792, -15.9114443025], [-49.84257072, -15.9440923093], [-49.8655261203, -15.9872675992], [-49.8923813548, -15.9734332171], [-49.9203261541, -15.9708165309], [-49.949774921, -15.9731830541], [-49.9725499975, -15.9816749919], [-50.0219372318, -16.0110786979], [-50.0613300813, -16.0289132431], [-50.1383315539, -16.0540163697], [-50.1968480531, -16.0744841913], [-50.2964118158, -16.082915921], [-50.3549426166, -16.0784328325], [-50.4055226765, -16.0906469844], [-50.4433535555, -16.1169195817], [-50.4883541397, -16.0482252462], [-50.5046686635, -16.0180886659], [-50.4914967697, -15.9769687488], [-50.4791311589, -15.9158100849], [-50.5117535006, -15.877271997], [-50.5076103607, -15.805370532], [-50.5772423996, -15.7424360598], [-50.6191413211, -15.7249126985], [-50.6281678206, -15.6849946171], [-50.5989105904, -15.6451174984], [-50.6238850139, -15.6254154622], [-50.6085940122, -15.5883264143], [-50.5493877564, -15.5677432874], [-50.5265236377, -15.5567122506]]]}}, {"type": "Feature", "properties": {"name": "Goiatuba"}, "geometry": {"type": "Polygon", "coordinates": [[[-49.977496343, -17.775216743], [-49.8884610645, -17.8114917759], [-49.801858147, -17.8863061785], [-49.7500484946, -17.865315042], [-49.6589670118, -17.8834529424], [-49.564159536, -17.8323616675], [-49.5181076184, -17.8551064903], [-49.4654858209, -17.840472313], [-49.4485408507, -17.8739935686], [-49.4348563335, -17.9168181348], [-49.3921276555, -17.9206598353], [-49.3316864976, -17.9534757969], [-49.179409096, -18.0212399263], [-49.1731983562, -18.0411044134], [-49.187512981, -18.0776964814], [-49.2093231507, -18.1078653863], [-49.2258821154, -18.1367332456], [-49.2434932309, -18.1555854737], [-49.2506268725, -18.177331453], [-49.2809617723, -18.1557930761], [-49.3109624945, -18.1551930045], [-49.3478252152, -18.1772888374], [-49.412739365, -18.1394168081], [-49.4483282543, -18.1106169215], [-49.4905190634, -18.0884527085], [-49.5006813821, -18.1047637115], [-49.5082932635, -18.1302457396], [-49.522788924, -18.1511228972], [-49.5395493833, -18.1756589349], [-49.5792094395, -18.185134673], [-49.6193267532, -18.1024100768], [-49.7010442192, -18.0875413847], [-49.8399887915, -18.0373951726], [-49.863856146, -18.0054380057], [-49.876045074, -18.0187686468], [-49.8988241609, -18.0271694904], [-49.9261267403, -18.0547256512], [-49.946015468, -18.0736152503], [-49.9644907149, -18.0896923764], [-49.9796835909, -18.0996659529], [-50.005293613, -18.0995947012], [-50.0059623886, -18.1197184549], [-50.0383311195, -18.0933494715], [-50.0698786729, -18.1079438098], [-50.0918835325, -18.1238613112], [-50.1314956978, -18.1184611569], [-50.1414189765, -18.104327001], [-50.1699222177, -18.0728901618], [-50.1609697507, -18.0310482509], [-50.1443540064, -18.0179214496], [-50.1199927581, -17.9866919308], [-50.0772109114, -17.9525463398], [-50.032607205, -17.9458529663], [-49.9763841739, -17.9017938849], [-50.0087450311, -17.8488845232], [-50.0363534463, -17.8278102819], [-50.0520469662, -17.7947350082], [-49.977496343, -17.775216743]]]}}, {"type": "Feature", "properties": {"name": "Gouvelândia"}, "geometry": {"type": "Polygon", "coordinates": [[[-50.0982086268, -18.3300534442], [-50.0469359894, -18.3887993364], [-50.0508824312, -18.4448075964], [-50.0394392923, -18.5056115967], [-50.0470460025, -18.5627260089], [-50.0365559805, -18.6094180633], [-50.1638209335, -18.6638952289], [-50.2694919241, -18.6837151817], [-50.2530730752, -18.6438929913], [-50.2597913547, -18.6093484586], [-50.2589059068, -18.585309667], [-50.2665255275, -18.5596658637], [-50.268662093, -18.5071373558], [-50.2756706837, -18.4586454172], [-50.3058689891, -18.3781020337], [-50.207657033, -18.3556817974], [-50.1360791374, -18.3247544963], [-50.0982086268, -18.3300534442]]]}}, {"type": "Feature", "properties": {"name": "Guapó"}, "geometry": {"type": "Polygon", "coordinates": [[[-49.5452658541, -16.7979254736], [-49.5050326517, -16.8033963016], [-49.4589726793, -16.8545988598], [-49.4462416995, -16.9002751657], [-49.4827485885, -16.9301968333], [-49.5226331297, -17.0056550887], [-49.5429932599, -17.0442108648], [-49.568102219, -17.0350025451], [-49.5986837326, -17.0620879567], [-49.6200337405, -17.044521631], [-49.6245183186, -16.955310332], [-49.6993289944, -16.9420561933], [-49.7440770427, -16.9477718786], [-49.7284087464, -16.9367789681], [-49.7316046911, -16.9057589796], [-49.701020525, -16.8786341175], [-49.6387725027, -16.8583817384], [-49.5966835165, -16.8139450517], [-49.576635754, -16.7719976727], [-49.5452658541, -16.7979254736]]]}}, {"type": "Feature", "properties": {"name": "Guaraíta"}, "geometry": {"type": "Polygon", "coordinates": [[[-50.0284366688, -15.5769684313], [-49.9896050321, -15.6397089526], [-49.9996427358, -15.6892544705], [-50.0227550715, -15.7805879734], [-50.0606876945, -15.7265909954], [-50.078440371, -15.6879269302], [-50.1219381981, -15.6591790231], [-50.1311452927, -15.5832052688], [-50.1064063889, -15.6114092672], [-50.0901113045, -15.5992559464], [-50.0624663257, -15.5959334863], [-50.0284366688, -15.5769684313]]]}}, {"type": "Feature", "properties": {"name": "Guarani de Goiás"}, "geometry": {"type": "Polygon", "coordinates": [[[-46.2878268611, -13.7005037702], [-46.2664671135, -13.739885631], [-46.2733263233, -13.7867619122], [-46.2492764866, -13.8302833061], [-46.2618190868, -13.9277458352], [-46.2184424918, -14.0020403882], [-46.2679638396, -14.0577325803], [-46.3073260599, -14.0201329433], [-46.3777935816, -14.0275890322], [-46.4355303002, -14.0093760225], [-46.4697390705, -13.9964574742], [-46.5013229923, -14.0096921027], [-46.5286294081, -14.011363118], [-46.5632434198, -13.989037085], [-46.581881283, -13.9632600492], [-46.6004112964, -13.949887195], [-46.6323304094, -13.9317901896], [-46.6569134286, -13.9314043432], [-46.6987659392, -13.9068449379], [-46.7087738157, -13.8915097256], [-46.7224340444, -13.8723921334], [-46.737522247, -13.8604349634], [-46.7590453929, -13.8367468253], [-46.7487705293, -13.8226570834], [-46.7036592322, -13.8199496579], [-46.6806825111, -13.8188129836], [-46.6505727325, -13.8085364175], [-46.6214607, -13.8193591159], [-46.5908241829, -13.8155427286], [-46.5596095972, -13.8009511665], [-46.5192355378, -13.8090057834], [-46.4720907002, -13.806067121], [-46.4494384574, -13.7991331974], [-46.4347970228, -13.7825831295], [-46.3771618016, -13.7576272827], [-46.3406329423, -13.71999486], [-46.2878268611, -13.7005037702]]]}}, {"type": "Feature", "properties": {"name": "Guarinos"}, "geometry": {"type": "Polygon", "coordinates": [[[-49.7149961584, -14.463909527], [-49.6900494184, -14.4744893849], [-49.660689222, -14.494508451], [-49.6587185533, -14.5178962954], [-49.6529382749, -14.5382006697], [-49.6345996043, -14.5780779578], [-49.7093279638, -14.6003737004], [-49.7180780267, -14.6315518186], [-49.6761670865, -14.6907251999], [-49.6530427225, -14.760069984], [-49.6706289219, -14.8338200425], [-49.7213048815, -14.8915574969], [-49.7680424535, -14.935237995], [-49.8137451133, -14.8885641827], [-49.8095191939, -14.8441597381], [-49.8014069735, -14.8157046779], [-49.788471776, -14.7859754805], [-49.7755227371, -14.7551641777], [-49.7525235281, -14.7048731583], [-49.7384679147, -14.6851126306], [-49.7541895407, -14.6584688133], [-49.7753261732, -14.6501330947], [-49.7940211616, -14.6185848858], [-49.8127167153, -14.6075252609], [-49.8190490853, -14.5912072438], [-49.8156892888, -14.5754381979], [-49.8202011887, -14.5490597539], [-49.7706373014, -14.5063920674], [-49.7517411641, -14.5246151006], [-49.7530282234, -14.4824733721], [-49.7466628335, -14.4733839714], [-49.7149961584, -14.463909527]]]}}, {"type": "Feature", "properties": {"name": "Heitoraí"}, "geometry": {"type": "Polygon", "coordinates": [[[-49.7498807584, -15.6572734116], [-49.6981125133, -15.7206926707], [-49.6973831859, -15.7843081941], [-49.7767815999, -15.7912339379], [-49.837499249, -15.8029062629], [-49.852465872, -15.7762932205], [-49.9044079931, -15.7677516597], [-49.9331914546, -15.7648101376], [-49.9178066959, -15.7386422986], [-49.9026880054, -15.7290609031], [-49.8764661805, -15.720764839], [-49.8577456962, -15.7120653498], [-49.8359986188, -15.7112623983], [-49.8096875982, -15.7044057537], [-49.7959690244, -15.6880950178], [-49.7646652808, -15.6665369962], [-49.7498807584, -15.6572734116]]]}}, {"type": "Feature", "properties": {"name": "Hidrolândia"}, "geometry": {"type": "Polygon", "coordinates": [[[-49.2481582742, -16.8491810992], [-49.2020758722, -16.8611456564], [-49.1681609812, -16.8885670931], [-49.12747025, -16.9051444892], [-49.1136031496, -16.9461607052], [-49.0960188587, -16.9487763934], [-49.0582519574, -16.9750359363], [-49.0649641, -16.9945949274], [-49.0859416512, -17.018289442], [-49.0920747413, -17.0352131845], [-49.0831030232, -17.0606884941], [-49.1106586752, -17.0958661714], [-49.1189077792, -17.1174580062], [-49.1443828436, -17.1303946893], [-49.1965417293, -17.1224554639], [-49.2243542587, -17.0838201454], [-49.3200290848, -17.1305422459], [-49.4240422587, -17.1584538842], [-49.4615731486, -17.1649948905], [-49.4919400744, -17.1241865722], [-49.4809936854, -17.0418348882], [-49.4556022279, -17.0409088367], [-49.3830505129, -17.0408552056], [-49.3711829171, -17.0036016266], [-49.3677145686, -16.9569335045], [-49.3600202315, -16.8959998908], [-49.3209068726, -16.8815781162], [-49.2616308042, -16.8449792918], [-49.2481582742, -16.8491810992]]]}}, {"type": "Feature", "properties": {"name": "Hidrolina"}, "geometry": {"type": "Polygon", "coordinates": [[[-49.3485194764, -14.612654277], [-49.2946638041, -14.678847502], [-49.2747949514, -14.7040752072], [-49.2321075803, -14.7243436419], [-49.192604053, -14.76824895], [-49.1885261862, -14.8140365894], [-49.2353287834, -14.8649640395], [-49.2398274076, -14.840391691], [-49.2713582528, -14.8156205378], [-49.3184095845, -14.8201933315], [-49.363054986, -14.8207155916], [-49.4042451604, -14.8373827715], [-49.4413295191, -14.8043550392], [-49.4645586724, -14.7985299582], [-49.511304921, -14.7790608667], [-49.5318033919, -14.7519925503], [-49.5076605379, -14.695060896], [-49.4627131054, -14.650022206], [-49.4236074946, -14.624437812], [-49.3582943047, -14.6091499609], [-49.3485194764, -14.612654277]]]}}, {"type": "Feature", "properties": {"name": "Iaciara"}, "geometry": {"type": "Polygon", "coordinates": [[[-46.7706846063, -13.8140917359], [-46.7544909088, -13.8433360482], [-46.7325224533, -13.8590510217], [-46.717518426, -13.8854016985], [-46.7056095641, -13.8964663357], [-46.6811067822, -13.9157956138], [-46.6442965936, -13.9285833539], [-46.6199065605, -13.9448483319], [-46.5769698999, -13.9509792394], [-46.5702163994, -13.9864589336], [-46.5469328676, -14.0010747502], [-46.5183885797, -14.0106962041], [-46.4864647434, -13.9971478408], [-46.4555196297, -14.001914633], [-46.4352655137, -14.0317461019], [-46.4499141825, -14.1176986722], [-46.5149756638, -14.1376945006], [-46.5682235601, -14.113249074], [-46.6443863685, -14.1396013441], [-46.6795686418, -14.1516608182], [-46.7244923309, -14.1985014257], [-46.7395778401, -14.2473640307], [-46.7506932316, -14.2936019983], [-46.7714721021, -14.34198738], [-46.8149205257, -14.3498834428], [-46.8403773293, -14.3466949259], [-46.8580521962, -14.3323634965], [-46.8768529937, -14.3284997861], [-46.8985523826, -14.3291722035], [-46.9378434692, -14.2878277408], [-46.9398280725, -14.2603079525], [-46.9755543111, -14.2263325724], [-46.9926041187, -14.1936927286], [-46.9697512148, -14.161632066], [-46.930244979, -14.1182961952], [-46.8886626928, -14.0701275905], [-46.8427114542, -14.0480525173], [-46.8371879961, -13.9679182791], [-46.8617768416, -13.8959734423], [-46.8264385454, -13.851612057], [-46.811380403, -13.828625466], [-46.7916046461, -13.8196404893], [-46.7706846063, -13.8140917359]]]}}, {"type": "Feature", "properties": {"name": "Inaciolândia"}, "geometry": {"type": "Polygon", "coordinates": [[[-49.9474924926, -18.3548156891], [-49.8704044891, -18.410139213], [-49.8103520049, -18.5003732011], [-49.7550487687, -18.5227971727], [-49.7435477564, -18.574647523], [-49.7543283484, -18.5875410205], [-49.7744315449, -18.6259952608], [-49.8523271702, -18.6227065887], [-49.9311862724, -18.6235354297], [-50.0297949506, -18.5911940003], [-50.0314391028, -18.5300601495], [-50.0375461194, -18.484213929], [-50.0665483488, -18.4287656484], [-50.0397119777, -18.3873040167], [-50.0158190213, -18.3903093047], [-49.9937700017, -18.365776671], [-49.9474924926, -18.3548156891]]]}}, {"type": "Feature", "properties": {"name": "Indiara"}, "geometry": {"type": "Polygon", "coordinates": [[[-49.8564375307, -16.9915330977], [-49.8529643807, -17.0404222859], [-49.8242988501, -17.096110289], [-49.830153632, -17.1571520492], [-49.7802710561, -17.1476911095], [-49.7318567531, -17.1538808682], [-49.730411088, -17.2043277622], [-49.7781271547, -17.2429274638], [-49.829465291, -17.2172251737], [-49.8916356752, -17.2047644047], [-49.9635247556, -17.2259921091], [-50.0204930875, -17.2672568883], [-50.0066214375, -17.3203927883], [-50.0319907825, -17.3568637594], [-50.0560769801, -17.3912356922], [-50.056773851, -17.4526124883], [-50.090631439, -17.4429794025], [-50.1155191777, -17.4286112916], [-50.1238532624, -17.4004263807], [-50.1357112392, -17.3678074767], [-50.1454870404, -17.34576388], [-50.1463214834, -17.3050486874], [-50.1065484683, -17.2448651041], [-50.1062192821, -17.1938226271], [-50.1005726462, -17.1279669358], [-50.0275524681, -17.0738640124], [-49.9741639747, -17.0510245356], [-49.9487192237, -16.9940989776], [-49.8992766711, -16.9543196778], [-49.8564375307, -16.9915330977]]]}}, {"type": "Feature", "properties": {"name": "Inhumas"}, "geometry": {"type": "Polygon", "coordinates": [[[-49.4579690836, -16.2159224031], [-49.3942729291, -16.1892391337], [-49.3691570001, -16.2228869899], [-49.3779923775, -16.3057627437], [-49.4395730218, -16.3760103801], [-49.4460441098, -16.428154874], [-49.4715823268, -16.4168542879], [-49.4965225165, -16.4237142911], [-49.5869361061, -16.403652592], [-49.6344403053, -16.4153537559], [-49.6567147755, -16.4223399381], [-49.6534361145, -16.3552459997], [-49.6283423471, -16.3046153593], [-49.6304406649, -16.2310154944], [-49.5842071451, -16.2123846778], [-49.4579690836, -16.2159224031]]]}}, {"type": "Feature", "properties": {"name": "Ipameri"}, "geometry": {"type": "Polygon", "coordinates": [[[-47.6885984274, -16.9146739848], [-47.7169277411, -17.0241969897], [-47.7030476344, -17.0642474982], [-47.6662405136, -17.0891724316], [-47.6536780567, -17.1108698312], [-47.6119877358, -17.1589865356], [-47.5808308623, -17.1916045762], [-47.5711000647, -17.2102625098], [-47.5481536393, -17.2234128975], [-47.5236233642, -17.2686673665], [-47.5092387185, -17.2843747868], [-47.5024862852, -17.3178840718], [-47.5041531929, -17.3368391298], [-47.5135474396, -17.3557524656], [-47.5248537122, -17.3829732659], [-47.5328835676, -17.3939612511], [-47.553581039, -17.3575251947], [-47.6128199254, -17.3207175339], [-47.6846545761, -17.2686719155], [-47.6873243895, -17.1904713838], [-47.7519587674, -17.198244434], [-47.8455327285, -17.2604563143], [-47.8934612121, -17.3894077193], [-47.9290405126, -17.4634021761], [-47.9661801986, -17.5532244131], [-47.9597635707, -17.6073055497], [-47.9425093525, -17.6787192485], [-47.9302613187, -17.7226151045], [-47.928425389, -17.751721163], [-47.9322944865, -17.7670796011], [-47.9408442407, -17.7874211255], [-47.9495983623, -17.8165087029], [-47.9572907948, -17.8337536164], [-47.9728625245, -17.8730714175], [-47.9830202443, -17.8973210256], [-48.0134015453, -17.9147229247], [-48.0450424726, -17.916348827], [-48.0602678755, -17.9143185534], [-48.0872668892, -17.9125391387], [-48.1083815591, -17.9301796435], [-48.1255134726, -17.9254795719], [-48.1418494721, -17.9412636716], [-48.1728772909, -17.9691694183], [-48.1941350265, -17.9882376343], [-48.2085420883, -17.9959007065], [-48.2526876473, -17.995843342], [-48.2837076653, -17.9646024523], [-48.3147692493, -17.9431306238], [-48.395266433, -17.9144703441], [-48.4199189067, -17.8539726341], [-48.4527123193, -17.838087981], [-48.4937127251, -17.8662544195], [-48.5341296005, -17.844956655], [-48.5608772476, -17.8140831917], [-48.5093533603, -17.7850505367], [-48.5127679566, -17.7600491], [-48.4942660865, -17.711515633], [-48.4546560658, -17.6778129764], [-48.4518218687, -17.6350964484], [-48.4625973958, -17.6222524081], [-48.4549323945, -17.5969009343], [-48.4208605317, -17.5929046139], [-48.4102763936, -17.5753787272], [-48.3744723977, -17.5435152567], [-48.3640765984, -17.5129447463], [-48.2853201895, -17.5278899914], [-48.1920969012, -17.5624251492], [-48.1316573392, -17.5436569952], [-48.1069297282, -17.5187355422], [-48.1098461472, -17.4447223008], [-48.0457070529, -17.4188407726], [-48.065381191, -17.3699098811], [-48.0811596563, -17.3255006589], [-48.1171009811, -17.2640912582], [-48.0881303767, -17.2358233726], [-48.0601509958, -17.2018256941], [-48.0181848691, -17.1726852422], [-48.0036581525, -17.1303206853], [-47.9888729977, -17.084025897], [-47.9504870685, -17.0426854567], [-47.9287187315, -17.0136002086], [-47.9208796945, -16.9817141614], [-47.9030437906, -16.9371613744], [-47.8824088962, -16.9258089595], [-47.8053841708, -16.9228269798], [-47.7302384759, -16.9288291887], [-47.6910691968, -16.9011257399], [-47.6885984274, -16.9146739848]]]}}, {"type": "Feature", "properties": {"name": "Ipiranga de Goiás"}, "geometry": {"type": "Polygon", "coordinates": [[[-49.6082599724, -15.0425791587], [-49.6229958036, -15.0813778227], [-49.6059459706, -15.1547913238], [-49.587076233, -15.1931319926], [-49.655386035, -15.2515540556], [-49.7125864613, -15.2516005215], [-49.7496476379, -15.1962523058], [-49.665250403, -15.0634897229], [-49.643801146, -15.0469325674], [-49.6082599724, -15.0425791587]]]}}, {"type": "Feature", "properties": {"name": "Iporá"}, "geometry": {"type": "Polygon", "coordinates": [[[-51.1119371632, -16.306409639], [-51.0658292043, -16.3340568456], [-51.0297875965, -16.3689664944], [-51.0248555928, -16.4017963217], [-50.9881314303, -16.4148597219], [-50.9712217246, -16.4086598964], [-50.9631347353, -16.4181917828], [-50.9694402751, -16.4601647851], [-50.9959161354, -16.4857647671], [-50.9894945567, -16.5204698291], [-50.9660824913, -16.5482905678], [-50.9460479399, -16.5857186871], [-51.0137983279, -16.6295853981], [-51.0234154296, -16.5682806703], [-51.0669405721, -16.533169287], [-51.0925032848, -16.512873865], [-51.1646331349, -16.5187665491], [-51.2060207194, -16.5200891498], [-51.236999507, -16.4885950119], [-51.2609419621, -16.4738685464], [-51.2818887529, -16.4514534987], [-51.2983865708, -16.4583751662], [-51.3176316697, -16.4753528411], [-51.3520517107, -16.4554391408], [-51.3725707412, -16.4318414758], [-51.4081353183, -16.4035543169], [-51.4116355074, -16.3714915754], [-51.4328525001, -16.3160289891], [-51.4084644144, -16.3011130769], [-51.3194236173, -16.2883609781], [-51.1119371632, -16.306409639]]]}}, {"type": "Feature", "properties": {"name": "Israelândia"}, "geometry": {"type": "Polygon", "coordinates": [[[-50.8666656679, -16.2040451227], [-50.8441376024, -16.229542486], [-50.8348565192, -16.2578435891], [-50.8122174594, -16.3154989732], [-50.7796332521, -16.346738737], [-50.7532507147, -16.4018794171], [-50.7106920851, -16.4038545998], [-50.7196363884, -16.4488086463], [-50.7702943862, -16.5095600786], [-50.8131905645, -16.4782382638], [-50.8549706954, -16.4523063349], [-50.8982195423, -16.4145638341], [-50.9538559688, -16.3971172222], [-50.980473584, -16.4141641435], [-51.0105737325, -16.4128845995], [-51.0270761247, -16.3838115098], [-51.0358565235, -16.3548951707], [-51.0575520325, -16.296921708], [-51.0110801802, -16.2783257876], [-50.9467171703, -16.3132336034], [-50.9034099895, -16.2505240431], [-50.8666656679, -16.2040451227]]]}}, {"type": "Feature", "properties": {"name": "Itaberaí"}, "geometry": {"type": "Polygon", "coordinates": [[[-49.6836584058, -15.9007692809], [-49.6635031794, -15.9875988392], [-49.6679942955, -16.0589102335], [-49.6486588548, -16.1154109775], [-49.7410222339, -16.2054378786], [-49.7548001725, -16.2738903139], [-49.7381587429, -16.2965026335], [-49.7244147641, -16.3312237833], [-49.7371052892, -16.3764979552], [-49.7247987759, -16.3981568023], [-49.7158006441, -16.4361367858], [-49.7720494808, -16.425797223], [-49.8198290826, -16.3810391679], [-49.762157336, -16.3670746479], [-49.7487709801, -16.338938773], [-49.7853843422, -16.2981755904], [-49.8362403566, -16.2760091001], [-49.8781321778, -16.2751789543], [-49.8974121353, -16.2300370446], [-49.9630233892, -16.2179305208], [-50.0389671812, -16.1283714291], [-50.0288776145, -16.0662678263], [-50.0215811739, -16.0172504844], [-49.9780233916, -15.9924623647], [-49.9530228562, -15.9737760534], [-49.9245778574, -15.9671006066], [-49.9033272209, -15.9792031214], [-49.8674668041, -15.9832734267], [-49.8483780305, -15.9564475772], [-49.8382447289, -15.9129373165], [-49.8158538534, -15.906293452], [-49.8096604131, -15.8391695863], [-49.8006867941, -15.7885581902], [-49.696965136, -15.8252313453], [-49.6809114403, -15.8544011682], [-49.6836584058, -15.9007692809]]]}}, {"type": "Feature", "properties": {"name": "Itaguari"}, "geometry": {"type": "Polygon", "coordinates": [[[-49.6734687337, -15.8670929326], [-49.6244990601, -15.8748156421], [-49.6017994303, -15.8883962194], [-49.5913069622, -15.9155803278], [-49.5446893327, -15.9205181451], [-49.5515411747, -15.9677163351], [-49.684935102, -15.9616980066], [-49.6782414671, -15.8819265011], [-49.6734687337, -15.8670929326]]]}}, {"type": "Feature", "properties": {"name": "Itaguaru"}, "geometry": {"type": "Polygon", "coordinates": [[[-49.5486302242, -15.6963371253], [-49.5425786004, -15.7334366027], [-49.5530484352, -15.7518735479], [-49.5618573692, -15.7760040029], [-49.5785474489, -15.8180430314], [-49.6039980552, -15.8710326706], [-49.6255473388, -15.8664561094], [-49.6801276418, -15.8652756301], [-49.6850748243, -15.8320428827], [-49.6671342793, -15.7691945026], [-49.6356318611, -15.6927844146], [-49.6053511468, -15.6976980297], [-49.5563798386, -15.6349819404], [-49.5517410521, -15.673820109], [-49.5486302242, -15.6963371253]]]}}, {"type": "Feature", "properties": {"name": "Itajá"}, "geometry": {"type": "Polygon", "coordinates": [[[-51.6580783682, -18.7820618908], [-51.6298530511, -18.7855178727], [-51.6047184333, -18.7968625235], [-51.5866564961, -18.8093042952], [-51.5564437519, -18.8262264795], [-51.5431082067, -18.8393697756], [-51.524528471, -18.8596715142], [-51.4947740454, -18.8800537673], [-51.4538846519, -18.8800406427], [-51.4286414841, -18.8970903587], [-51.4227486736, -18.9051970852], [-51.3770781028, -18.923912461], [-51.3498317432, -18.9450367299], [-51.323009189, -18.967828588], [-51.3002964138, -18.9844828603], [-51.2921910485, -19.004035065], [-51.2727501386, -19.0288246218], [-51.2424288587, -19.0268460705], [-51.216664044, -19.0448894726], [-51.2006078175, -19.0604731141], [-51.1877732095, -19.0649361333], [-51.1533262993, -19.0694506946], [-51.1486275507, -19.1023884309], [-51.1236907491, -19.1059567052], [-51.0938031395, -19.1253107896], [-51.0725780268, -19.1301926865], [-51.0411317818, -19.1510363968], [-51.0074344873, -19.1638029268], [-50.9972707884, -19.1742685162], [-50.9607111136, -19.18507014], [-50.9557682924, -19.1967941405], [-50.9306859605, -19.2171038603], [-50.896351946, -19.2397858142], [-50.8848859652, -19.2856551295], [-50.8551891703, -19.2937017481], [-50.8374215999, -19.3451922742], [-50.875440229, -19.4194607576], [-50.8349155509, -19.4964318985], [-50.9354331549, -19.4601850341], [-50.9848267072, -19.4309241256], [-51.0150215518, -19.4020322029], [-51.023325603, -19.3809940881], [-51.0503240274, -19.3346125862], [-51.0874411481, -19.3138376839], [-51.0897839967, -19.2812565577], [-51.1092951995, -19.2145941983], [-51.2028471949, -19.1823131582], [-51.3740851368, -19.074433429], [-51.457012778, -19.1519622866], [-51.4769426591, -19.153629636], [-51.5109939171, -19.1506100773], [-51.5541059796, -19.1320196846], [-51.5963037515, -19.1358535109], [-51.6420288003, -19.1294051377], [-51.6909080305, -19.0932297262], [-51.7236055908, -18.8327033756], [-51.6640529135, -18.7809376795], [-51.6580783682, -18.7820618908]]]}}, {"type": "Feature", "properties": {"name": "Itapaci"}, "geometry": {"type": "Polygon", "coordinates": [[[-49.7712469534, -14.7625074767], [-49.7948017631, -14.7848923606], [-49.8011264605, -14.821957956], [-49.815300558, -14.8488705006], [-49.8080545062, -14.8988024861], [-49.769022931, -14.9177511906], [-49.6945564349, -14.8689891039], [-49.6628009662, -14.8372609968], [-49.6309397716, -14.81313729], [-49.5861285856, -14.8102128914], [-49.5295259549, -14.8142389195], [-49.4747983862, -14.8627454092], [-49.4321307709, -14.848138993], [-49.4185186855, -14.9016239063], [-49.4297394267, -14.9656935581], [-49.4405443267, -14.9905984782], [-49.4614647066, -14.9997403451], [-49.4782495129, -14.9953035366], [-49.5300059497, -14.9889453747], [-49.561495148, -15.0081685741], [-49.5877748266, -15.0294478945], [-49.6298792986, -15.0463800298], [-49.6499982209, -15.0496211972], [-49.6765458736, -15.0721158684], [-49.7044962225, -15.0621625262], [-49.7467781437, -15.0797446859], [-49.7917179696, -15.0832241912], [-49.8512428077, -15.0543144163], [-49.8533301806, -14.9997825872], [-49.8457165817, -14.9524459652], [-49.8462699519, -14.9231761771], [-49.8501919665, -14.9004251598], [-49.8399141565, -14.8626351284], [-49.8386907179, -14.8421536634], [-49.8290820702, -14.8038262266], [-49.8243317061, -14.7811705137], [-49.7987219846, -14.7689385179], [-49.7712469534, -14.7625074767]]]}}, {"type": "Feature", "properties": {"name": "Itapirapuã"}, "geometry": {"type": "Polygon", "coordinates": [[[-51.1186381503, -15.4361803921], [-50.9059920756, -15.4690980533], [-50.8736879001, -15.4792627826], [-50.8650489534, -15.4963966802], [-50.8420838622, -15.4926931004], [-50.8172436352, -15.470273727], [-50.7966380472, -15.4800101981], [-50.7796621221, -15.4969945423], [-50.7344658955, -15.5000950551], [-50.6557742519, -15.574733972], [-50.6238850139, -15.6254154622], [-50.5989105904, -15.6451174984], [-50.6281678206, -15.6849946171], [-50.6191413211, -15.7249126985], [-50.5772423996, -15.7424360598], [-50.5076103607, -15.805370532], [-50.5117535006, -15.877271997], [-50.4791311589, -15.9158100849], [-50.4914967697, -15.9769687488], [-50.557897855, -16.029919113], [-50.606826153, -15.9863967662], [-50.6793244877, -15.9425861424], [-50.7106654121, -15.8994740113], [-50.7460203923, -15.9223005124], [-50.7850967531, -15.8635776691], [-50.799471306, -15.8202752531], [-50.8653445897, -15.7890706365], [-50.8946923396, -15.7743949557], [-50.9267202929, -15.7498826531], [-50.9848520491, -15.7201117455], [-51.0124440195, -15.6930663918], [-51.0264391903, -15.6556585002], [-51.0201606397, -15.6267415786], [-51.0344442156, -15.5997789416], [-51.0467980201, -15.5784883989], [-51.0445787361, -15.5556633294], [-51.0549105956, -15.5293247806], [-51.0614697055, -15.5111596597], [-51.0734412549, -15.4963308045], [-51.1079660242, -15.4466181079], [-51.1186381503, -15.4361803921]]]}}, {"type": "Feature", "properties": {"name": "Itapuranga"}, "geometry": {"type": "Polygon", "coordinates": [[[-50.0443823416, -15.3578826872], [-50.0129343229, -15.3726640014], [-49.9842434906, -15.3658082027], [-49.9495542103, -15.3598802215], [-49.922275139, -15.3638558088], [-49.8816346707, -15.4016467293], [-49.8615525695, -15.4238648521], [-49.8757460061, -15.4665155891], [-49.8588668101, -15.5299812802], [-49.7884382896, -15.5399409921], [-49.7576104696, -15.5410539041], [-49.7216588951, -15.5230794677], [-49.6965807472, -15.544773514], [-49.705488076, -15.5980747889], [-49.7148299731, -15.6333075126], [-49.7406906269, -15.6430679765], [-49.7586297887, -15.6614987431], [-49.7863269397, -15.6805708392], [-49.8066866699, -15.6968017093], [-49.8224526707, -15.7106085393], [-49.8466384334, -15.7203927842], [-49.8674171768, -15.7109307642], [-49.8908833906, -15.7359998966], [-49.8976094456, -15.7524300973], [-49.9381613658, -15.7486522136], [-50.0085448246, -15.7740931354], [-50.0055528594, -15.7084636741], [-49.9931085705, -15.6463136678], [-50.0239653221, -15.5864573153], [-50.0518571043, -15.5874627107], [-50.0846868269, -15.595057779], [-50.1047959278, -15.6058222774], [-50.1281916298, -15.5857104141], [-50.1520321944, -15.5486351778], [-50.1623842007, -15.5062043381], [-50.1672146935, -15.4546470829], [-50.1306657756, -15.3958676832], [-50.0877738618, -15.3653298937], [-50.0443823416, -15.3578826872]]]}}, {"type": "Feature", "properties": {"name": "Itarumã"}, "geometry": {"type": "Polygon", "coordinates": [[[-51.7494126323, -18.479130226], [-51.7129385791, -18.4749386397], [-51.6712265381, -18.4872695186], [-51.6151875957, -18.4937049213], [-51.5862563196, -18.5124600087], [-51.5348570868, -18.5361212058], [-51.508492527, -18.5583988905], [-51.4615526932, -18.584389287], [-51.432929791, -18.6097123059], [-51.3976071931, -18.6229759241], [-51.364598689, -18.6424678953], [-51.3349913726, -18.6812812475], [-51.2753314267, -18.7156221175], [-51.2382400898, -18.7392258385], [-51.2090011499, -18.7722708357], [-51.1810268131, -18.7853825434], [-51.1555783416, -18.810612967], [-51.1204986199, -18.8753559168], [-51.0438800214, -18.8867900653], [-51.006408051, -18.9090436083], [-50.9698250466, -18.9412726507], [-50.9349348651, -18.9775290434], [-50.9217405562, -18.9980478692], [-50.8952704166, -19.0328168123], [-50.8786870687, -19.0472837392], [-50.8636323496, -19.0545823084], [-50.8182154814, -19.0719077847], [-50.7707760728, -19.1190123955], [-50.7627752956, -19.1490713154], [-50.7269914096, -19.1709985586], [-50.7446576915, -19.2327778772], [-50.8289716072, -19.310019792], [-50.8653828851, -19.2836887656], [-50.8767439645, -19.2715014361], [-50.9173256939, -19.219489461], [-50.9325759382, -19.2095673506], [-50.9508834354, -19.1869141809], [-50.9762640087, -19.1831258452], [-51.0133294385, -19.1743018589], [-51.0192779091, -19.1593017877], [-51.0534123138, -19.1440843099], [-51.0819150078, -19.1208288897], [-51.107967773, -19.1199040619], [-51.123964324, -19.0990966012], [-51.1462452912, -19.095600807], [-51.1726554637, -19.062504927], [-51.1873578718, -19.0613377123], [-51.2061337622, -19.050517739], [-51.2273519526, -19.0338448038], [-51.2556798979, -19.0250890611], [-51.276909263, -19.0138477935], [-51.3115510089, -19.0014540977], [-51.3100790742, -18.9696308559], [-51.3298259101, -18.9508319668], [-51.3563830133, -18.9436218221], [-51.3863845397, -18.920351704], [-51.4331076969, -18.9174924101], [-51.4374901195, -18.8908764392], [-51.4696654732, -18.8714985671], [-51.5113557265, -18.8627016671], [-51.5341355316, -18.8508445062], [-51.5483056845, -18.8331441242], [-51.5642438159, -18.8333610392], [-51.5952151937, -18.804629928], [-51.6101364123, -18.8055888203], [-51.6405007025, -18.7867801839], [-51.6699936994, -18.7754332221], [-51.6709687591, -18.7654266544], [-51.6947982803, -18.7672060398], [-51.7683042153, -18.7609456341], [-51.79452729, -18.7355484303], [-51.8113862555, -18.7230531207], [-51.826420152, -18.7130116032], [-51.8501376551, -18.6887362876], [-51.8807486024, -18.6639446515], [-51.891190173, -18.6343803889], [-51.909774115, -18.5731195781], [-51.8158284625, -18.5582483408], [-51.7984064103, -18.4907545738], [-51.7538811532, -18.4742534113], [-51.7494126323, -18.479130226]]]}}, {"type": "Feature", "properties": {"name": "Itauçu"}, "geometry": {"type": "Polygon", "coordinates": [[[-49.5684118722, -16.1168088752], [-49.523134678, -16.1227051942], [-49.4479311785, -16.1674249017], [-49.4041865008, -16.194551065], [-49.4587459184, -16.213054061], [-49.5873676316, -16.2160575433], [-49.6532104271, -16.2219148885], [-49.6310442271, -16.315236734], [-49.6692954293, -16.3246667358], [-49.7043537665, -16.265698235], [-49.7376923911, -16.2835453967], [-49.7556682967, -16.2316923646], [-49.6541129487, -16.1245300454], [-49.6073030023, -16.1085729199], [-49.5684118722, -16.1168088752]]]}}, {"type": "Feature", "properties": {"name": "Itumbiara"}, "geometry": {"type": "Polygon", "coordinates": [[[-49.0910448064, -18.1550169783], [-49.0212366768, -18.207518741], [-49.0019591938, -18.222936381], [-48.9954331664, -18.2598690571], [-48.9839092695, -18.2766831241], [-48.9761868434, -18.3412736877], [-49.0055068072, -18.3739003415], [-49.0533044372, -18.4021166569], [-49.1110194472, -18.401552021], [-49.1541266418, -18.4022946422], [-49.2108206622, -18.4230491364], [-49.2279650324, -18.4793954211], [-49.2885616232, -18.542899556], [-49.3361547261, -18.5832604794], [-49.3911018447, -18.6461489801], [-49.4857268546, -18.5318093524], [-49.4229039853, -18.5258560638], [-49.4927353981, -18.4124215077], [-49.5368773281, -18.4149676063], [-49.561574827, -18.4250540791], [-49.5859032035, -18.445195089], [-49.6263794985, -18.4519113175], [-49.7564752021, -18.4138860813], [-49.7734891875, -18.4716618178], [-49.8237170757, -18.4952209113], [-49.8890614179, -18.3921584726], [-49.9702395336, -18.3634589952], [-49.9622688586, -18.3488991635], [-49.9409914783, -18.3199364826], [-49.9169123633, -18.3024626755], [-49.88788006, -18.2933815574], [-49.8559873451, -18.2605370428], [-49.8244352905, -18.2435529824], [-49.7724957491, -18.2226979688], [-49.727133745, -18.2265355365], [-49.6905346534, -18.2617008016], [-49.5808815229, -18.3177822745], [-49.5850696341, -18.284005066], [-49.5665145814, -18.2792244119], [-49.5546324841, -18.2173061509], [-49.4973889274, -18.2329848116], [-49.4462195361, -18.2792391887], [-49.4146610511, -18.3262348175], [-49.3929394156, -18.3357703348], [-49.3636858803, -18.2893043823], [-49.2848517728, -18.2275418308], [-49.2373811984, -18.2208199655], [-49.2481329839, -18.1974868453], [-49.2502380298, -18.1672958412], [-49.1832999374, -18.1652280034], [-49.0994080977, -18.1043300659], [-49.0910448064, -18.1550169783]]]}}, {"type": "Feature", "properties": {"name": "Ivolândia"}, "geometry": {"type": "Polygon", "coordinates": [[[-51.3960493465, -16.4193684118], [-51.35655414, -16.4437790429], [-51.3281302779, -16.4719912799], [-51.3156310269, -16.4614864076], [-51.2889957689, -16.458192627], [-51.2762642358, -16.4474246089], [-51.2507743592, -16.4842083277], [-51.2369111485, -16.4993013402], [-51.2357993323, -16.5523987701], [-51.2010844826, -16.6062717405], [-51.1765834008, -16.6410242745], [-51.1364696486, -16.6466874575], [-51.1214452185, -16.6798421428], [-51.1111597332, -16.7103820553], [-51.1018252885, -16.7558892514], [-51.0955538535, -16.7926169967], [-51.0647445252, -16.8148081857], [-51.0509939129, -16.8120302303], [-51.0378544632, -16.7372978674], [-51.0333828639, -16.6689611192], [-51.001961795, -16.6416017158], [-50.9576049322, -16.5713033431], [-50.9649750137, -16.5417642947], [-50.9956067563, -16.5179113504], [-50.9906676637, -16.4846316192], [-50.960493675, -16.5047158305], [-50.8739133757, -16.5132770518], [-50.8283908477, -16.5072322173], [-50.7994399308, -16.5771820491], [-50.7780495831, -16.5909800968], [-50.7371587259, -16.5875807108], [-50.8032374399, -16.6892060335], [-50.8268259585, -16.6931024914], [-50.8742462967, -16.7389998658], [-50.949573812, -16.7921492292], [-50.9851289396, -16.8278450621], [-51.0511037448, -16.8697333903], [-51.0575800834, -16.9227622121], [-51.0568866352, -16.9517022493], [-51.1009868164, -16.9044226452], [-51.1200785507, -16.8955146763], [-51.1485537512, -16.8907251287], [-51.169639318, -16.8541437214], [-51.1831686914, -16.8394064081], [-51.1986325323, -16.8306602024], [-51.2238581805, -16.8131329334], [-51.2204655305, -16.7916205469], [-51.2199159469, -16.7565939769], [-51.2280003731, -16.7099847741], [-51.2345323832, -16.6730763313], [-51.2600894795, -16.6474587355], [-51.2715202452, -16.6147568646], [-51.2901952128, -16.5816967017], [-51.2871651458, -16.5538310462], [-51.3109126438, -16.5163366735], [-51.3299429362, -16.5043285483], [-51.3421627614, -16.4821105755], [-51.378211907, -16.4647843393], [-51.3928013609, -16.4495212331], [-51.3960493465, -16.4193684118]]]}}, {"type": "Feature", "properties": {"name": "Jandaia"}, "geometry": {"type": "Polygon", "coordinates": [[[-50.2636060591, -16.8938867666], [-50.1757681595, -16.9329954596], [-50.1165214131, -16.9426325007], [-50.0801030552, -16.921151077], [-50.0430337216, -16.9754419895], [-50.077747967, -17.0614068509], [-50.1005726462, -17.1279669358], [-50.1062192821, -17.1938226271], [-50.1065484683, -17.2448651041], [-50.1463214834, -17.3050486874], [-50.1568830102, -17.342639377], [-50.1939928705, -17.3589214077], [-50.1989407403, -17.33886653], [-50.1881625566, -17.3276307317], [-50.1824936111, -17.2914819802], [-50.1996057699, -17.2666958356], [-50.2114989898, -17.2913632586], [-50.2368574644, -17.2785059978], [-50.2295211922, -17.2590579455], [-50.2505265812, -17.2333987108], [-50.2817160709, -17.1899301739], [-50.2856335082, -17.1645920075], [-50.2952961857, -17.1372101046], [-50.2741291947, -17.1183302142], [-50.29571837, -17.1017318225], [-50.287244746, -17.0759835067], [-50.2993301396, -17.0597610684], [-50.2846326547, -17.0421999063], [-50.2954137567, -17.0023991989], [-50.2764053603, -16.9703820856], [-50.2799939548, -16.9346630656], [-50.2636060591, -16.8938867666]]]}}, {"type": "Feature", "properties": {"name": "Jaraguá"}, "geometry": {"type": "Polygon", "coordinates": [[[-49.2567706906, -15.4519846413], [-49.2193465458, -15.4873346873], [-49.2254139855, -15.5060902457], [-49.2314685235, -15.5278199174], [-49.2368006141, -15.5601654314], [-49.1997160414, -15.5830248624], [-49.1882669121, -15.6100850091], [-49.1559083147, -15.6188189076], [-49.1556662113, -15.6955489698], [-49.2040500262, -15.8220236002], [-49.2510668696, -15.8256672137], [-49.2655888172, -15.8277090715], [-49.3343632064, -15.8508872647], [-49.3501669177, -15.9004609979], [-49.3896918182, -15.8869170242], [-49.4490478726, -15.9315344514], [-49.4652921827, -15.970522865], [-49.5165676027, -15.9775725198], [-49.5491002965, -15.9743594877], [-49.5421591951, -15.9318239585], [-49.591212807, -15.9156144663], [-49.5975419862, -15.8906886309], [-49.5942833323, -15.8662907889], [-49.5771364044, -15.8138553533], [-49.5599909941, -15.7798329266], [-49.5466560695, -15.755674195], [-49.5422997528, -15.7299210384], [-49.5563244764, -15.6887243093], [-49.5556313579, -15.6501378334], [-49.5594205605, -15.6101400746], [-49.5568252377, -15.58057038], [-49.5566890217, -15.5470174846], [-49.5748616945, -15.5161296237], [-49.5541570385, -15.4655047115], [-49.5348783304, -15.4808395192], [-49.5172970162, -15.4927072774], [-49.5079983959, -15.5096822363], [-49.4406907405, -15.5266103491], [-49.3783886636, -15.4952189353], [-49.3120731032, -15.4785165179], [-49.2835244053, -15.4369441446], [-49.2567706906, -15.4519846413]]]}}, {"type": "Feature", "properties": {"name": "Jataí"}, "geometry": {"type": "Polygon", "coordinates": [[[-51.7365250343, -17.2705590148], [-51.714630279, -17.3205632715], [-51.7202713628, -17.4160484112], [-51.7250199352, -17.4809118192], [-51.6992467772, -17.5282384542], [-51.6607490423, -17.5592912728], [-51.6126915806, -17.5972851241], [-51.6184151544, -17.6228003904], [-51.6304356935, -17.6676672922], [-51.5808582598, -17.685798573], [-51.5641651066, -17.7199943439], [-51.5443238355, -17.7272690818], [-51.5228298195, -17.7318023727], [-51.5025476456, -17.7501093842], [-51.4802449947, -17.7481993072], [-51.4576384291, -17.7684924362], [-51.4523588325, -17.8014777156], [-51.4321937128, -17.8180600921], [-51.4269656375, -17.8252830887], [-51.4185192173, -17.8437452796], [-51.3780814795, -17.8675655339], [-51.3528491609, -17.8744178732], [-51.3247112944, -17.8603942145], [-51.2788000038, -17.8882402385], [-51.2416040609, -17.8853084687], [-51.2339091078, -17.9049512769], [-51.228911389, -17.9119389586], [-51.2266583689, -17.9511375607], [-51.2058239114, -17.9756542947], [-51.2167461239, -17.9907957544], [-51.200798318, -18.0290830194], [-51.1859123976, -18.0523270581], [-51.1672427593, -18.0761196488], [-51.1590251822, -18.0994663537], [-51.1549488407, -18.1315771563], [-51.2364923479, -18.0845591273], [-51.3258311787, -18.1348994521], [-51.3651353419, -18.198559231], [-51.439540914, -18.1628161069], [-51.4416626915, -18.1800137949], [-51.4474656888, -18.2105977174], [-51.4101108908, -18.2591545788], [-51.3778550951, -18.3383887263], [-51.5045543954, -18.5131366394], [-51.5698552226, -18.525947413], [-51.5979108776, -18.5023793829], [-51.6374159167, -18.4998085182], [-51.6452489181, -18.4010023215], [-51.6651320993, -18.3387387685], [-51.6490020204, -18.3050150034], [-51.6711718159, -18.2741916144], [-51.712055928, -18.2488881747], [-51.7646965144, -18.2558931236], [-51.7890797522, -18.2286980718], [-51.8281388434, -18.2020169181], [-51.8366590763, -18.1649634972], [-51.8785295382, -18.1385281471], [-51.96408476, -18.1547044917], [-52.0199125288, -18.1127777779], [-52.0532685781, -18.0759471838], [-52.1242497226, -18.0395826725], [-52.156582306, -17.9804213027], [-52.1874436424, -17.9453489135], [-52.187190397, -17.9044678443], [-52.1988064143, -17.8475554917], [-52.2429128048, -17.8041726474], [-52.2746093475, -17.7744491181], [-52.2431410019, -17.7270400984], [-52.2301567771, -17.6650272373], [-52.2802242437, -17.6250091664], [-52.2576930958, -17.623794612], [-52.1617481229, -17.6432744304], [-52.0808068662, -17.649376238], [-52.0510485773, -17.6341895024], [-52.0222403853, -17.6389448587], [-51.9919670113, -17.6432781898], [-51.9979951519, -17.5844657685], [-51.9977482434, -17.5496195343], [-52.0097452071, -17.5083019269], [-51.9928535945, -17.481461905], [-51.9608277507, -17.4310333603], [-51.9588908034, -17.3765866932], [-51.9215037157, -17.3624450706], [-51.8824403652, -17.3382554312], [-51.8467470503, -17.3187513855], [-51.779138978, -17.320616391], [-51.7365250343, -17.2705590148]]]}}, {"type": "Feature", "properties": {"name": "Jaupaci"}, "geometry": {"type": "Polygon", "coordinates": [[[-51.1725498789, -16.0303106097], [-51.1065936148, -16.0802094531], [-51.0613046196, -16.1080744258], [-51.0063818468, -16.1197616209], [-50.9862183246, -16.1474237306], [-50.9578533715, -16.1709315541], [-50.9114420608, -16.1967285547], [-50.9034099895, -16.2505240431], [-50.9467171703, -16.3132336034], [-51.0110801802, -16.2783257876], [-51.0575520325, -16.296921708], [-51.1188572595, -16.3034177312], [-51.1190808197, -16.2651252975], [-51.1469945228, -16.2031952815], [-51.1704721287, -16.1821314407], [-51.1741055013, -16.1389091814], [-51.177995133, -16.1218186308], [-51.1920511221, -16.0891222472], [-51.2031353844, -16.0588120641], [-51.1932378756, -16.0323152523], [-51.1725498789, -16.0303106097]]]}}, {"type": "Feature", "properties": {"name": "Jesúpolis"}, "geometry": {"type": "Polygon", "coordinates": [[[-49.3885255065, -15.9036011509], [-49.3502203846, -15.9399548455], [-49.3561095965, -15.9748928494], [-49.3698026533, -16.0057437407], [-49.3984610729, -16.0030134055], [-49.4703820011, -15.9823210455], [-49.4539366114, -15.9384417298], [-49.3956326939, -15.8893430778], [-49.3885255065, -15.9036011509]]]}}, {"type": "Feature", "properties": {"name": "Joviânia"}, "geometry": {"type": "Polygon", "coordinates": [[[-49.5370152467, -17.7317416154], [-49.4486549424, -17.7571434178], [-49.4239093098, -17.768167897], [-49.4264347934, -17.7770401277], [-49.4406074616, -17.8010815716], [-49.4926071659, -17.8387031064], [-49.528300923, -17.85009526], [-49.5968277075, -17.8403997319], [-49.679269371, -17.8584452575], [-49.7690759319, -17.8783668495], [-49.7846053526, -17.79696903], [-49.6860790993, -17.7999993361], [-49.7042474659, -17.7034863772], [-49.6116543455, -17.7529362795], [-49.5616621996, -17.7651894512], [-49.5468788039, -17.6543501411], [-49.5370152467, -17.7317416154]]]}}, {"type": "Feature", "properties": {"name": "Jussara"}, "geometry": {"type": "Polygon", "coordinates": [[[-51.3568181941, -15.002056791], [-51.3937739634, -15.0488475157], [-51.4070204466, -15.0870420102], [-51.4093049116, -15.1164987715], [-51.3995825411, -15.137933231], [-51.3796963489, -15.1795081423], [-51.2128039101, -15.3075910107], [-51.3152725097, -15.4115009168], [-51.241026643, -15.4898518516], [-51.2416422536, -15.6768855994], [-51.3878563511, -15.6272216776], [-51.4373295627, -15.6258964754], [-51.3870273877, -15.7188431629], [-51.3308606383, -15.7394104682], [-51.2111848354, -15.7972188921], [-51.1538569495, -15.8218923085], [-51.1230768519, -15.8700629663], [-51.1149850734, -15.9057504169], [-51.0503584249, -15.8518734898], [-51.0461373166, -15.8092356537], [-51.0041375976, -15.777333386], [-50.9848520491, -15.7201117455], [-50.9267202929, -15.7498826531], [-50.8946923396, -15.7743949557], [-50.8653445897, -15.7890706365], [-50.799471306, -15.8202752531], [-50.7850967531, -15.8635776691], [-50.7730552108, -15.9390430293], [-50.7797987447, -15.9677246778], [-50.8283589214, -16.01298908], [-50.8799399541, -16.0331273964], [-50.9532731136, -16.0201278423], [-50.9938239766, -16.0266389646], [-51.0189105236, -16.0005332668], [-51.0577747587, -15.9767271013], [-51.0912686788, -15.9689223742], [-51.1371060733, -15.959406768], [-51.195298832, -15.9651565836], [-51.229241698, -15.9471752963], [-51.2569715317, -15.9689412293], [-51.3039941491, -15.9566567634], [-51.3169433546, -15.9346157589], [-51.3566693625, -15.9384671526], [-51.387415811, -15.9101091458], [-51.3906099938, -15.9058301361], [-51.3998062863, -15.8973273513], [-51.4195575629, -15.8760919249], [-51.4281355921, -15.8469830353], [-51.4624709787, -15.853111938], [-51.5216667246, -15.8116622839], [-51.5317807849, -15.7865663072], [-51.5330560145, -15.7776747039], [-51.5367128516, -15.7567136874], [-51.5318893259, -15.7183475492], [-51.5683352177, -15.6819867891], [-51.5620821028, -15.6513335104], [-51.5767246103, -15.6231727946], [-51.5857542828, -15.607072954], [-51.596208794, -15.5760059921], [-51.6321479647, -15.5614235734], [-51.6505302296, -15.5608851283], [-51.6340218349, -15.5351568015], [-51.6991039492, -15.4733002049], [-51.6971611193, -15.4095496963], [-51.6783289076, -15.2902203351], [-51.6675530442, -15.2459067574], [-51.6066957554, -15.1630674896], [-51.5354931881, -15.0692511757], [-51.4519447059, -15.0336138141], [-51.3568181941, -15.002056791]]]}}, {"type": "Feature", "properties": {"name": "Lagoa Santa"}, "geometry": {"type": "Polygon", "coordinates": [[[-51.2216307913, -19.1583575376], [-51.1476442116, -19.2075367469], [-51.0936329408, -19.2777412934], [-51.1055522772, -19.3082216276], [-51.1800221572, -19.2830779691], [-51.2159074971, -19.2585191408], [-51.2517388734, -19.2736188023], [-51.2896379148, -19.2456607389], [-51.3073341349, -19.2180739415], [-51.3640802707, -19.212462576], [-51.3992229518, -19.1905595095], [-51.4055222409, -19.1751861387], [-51.4300757378, -19.1705918032], [-51.457012778, -19.1519622866], [-51.3740851368, -19.074433429], [-51.2216307913, -19.1583575376]]]}}, {"type": "Feature", "properties": {"name": "Leopoldo de Bulhões"}, "geometry": {"type": "Polygon", "coordinates": [[[-48.8281909672, -16.5225545694], [-48.726683042, -16.6040269483], [-48.7230206317, -16.6860515949], [-48.8176123571, -16.649159816], [-48.8486279255, -16.6348722823], [-48.9045767233, -16.6718950201], [-48.9852879759, -16.6793286108], [-49.0045989213, -16.6354358757], [-48.9333293139, -16.6178160992], [-48.9941576932, -16.5768773741], [-49.0211308289, -16.5244841494], [-48.9532797352, -16.4415245923], [-48.8826312153, -16.4417533719], [-48.8371315833, -16.5079438861], [-48.8281909672, -16.5225545694]]]}}, {"type": "Feature", "properties": {"name": "Luziânia"}, "geometry": {"type": "Polygon", "coordinates": [[[-47.9564899917, -16.1193146798], [-47.9041381165, -16.141652432], [-47.8601867172, -16.1841094496], [-47.8257443068, -16.2407973352], [-47.798345503, -16.2531830581], [-47.7882269793, -16.2303343608], [-47.7509911972, -16.2079834929], [-47.6547675765, -16.179416995], [-47.6445761853, -16.2707337855], [-47.6487644487, -16.3809509399], [-47.6950727959, -16.4349162703], [-47.7186581916, -16.4703519819], [-47.7243556963, -16.5351532552], [-47.7763759096, -16.5668058667], [-47.7820701227, -16.5323032073], [-47.7979582399, -16.5259288599], [-47.8017524902, -16.5378806205], [-47.8034006258, -16.5557019155], [-47.8087616886, -16.5849424202], [-47.8187595481, -16.6192572678], [-47.8404616391, -16.6504829056], [-47.8639638279, -16.6747758794], [-47.8723545048, -16.6946042505], [-47.8787116984, -16.7172075089], [-47.8862670044, -16.7420559533], [-47.8836041334, -16.7776639317], [-47.8873507607, -16.8039806677], [-47.9003510203, -16.8184238941], [-47.8854319558, -16.8418111621], [-47.8940216313, -16.8621267883], [-47.8891812963, -16.8945135822], [-47.9023778546, -16.9150421307], [-47.9004904094, -16.9528239394], [-47.9190455279, -17.0038218341], [-48.0661561375, -16.9320351257], [-48.0847733707, -16.8596561206], [-48.0790743371, -16.8241389468], [-48.0802614446, -16.7891702311], [-48.1047705912, -16.7478608171], [-48.1457950247, -16.7422219112], [-48.1681595639, -16.7325046677], [-48.1893263008, -16.6774108244], [-48.2287146831, -16.6018962715], [-48.299174435, -16.4693542198], [-48.3411596522, -16.4436979806], [-48.3669883438, -16.4021353089], [-48.3982377528, -16.3240042354], [-48.3474672561, -16.3208837488], [-48.3063003967, -16.3207164577], [-48.2677080914, -16.3240958552], [-48.2204109218, -16.321994055], [-48.203074407, -16.2929971221], [-48.1658180639, -16.2056504176], [-48.0035030076, -16.1501016616], [-47.9712178574, -16.1274272854], [-47.9564899917, -16.1193146798]]]}}, {"type": "Feature", "properties": {"name": "Mairipotaba"}, "geometry": {"type": "Polygon", "coordinates": [[[-49.4433255998, -17.1464140725], [-49.4062776227, -17.2034147766], [-49.4661272194, -17.2427269364], [-49.489422897, -17.2628622929], [-49.4523716108, -17.3133453409], [-49.3494487365, -17.3345650166], [-49.3268095741, -17.3539379079], [-49.3002391526, -17.3733808405], [-49.2925776479, -17.3970623907], [-49.300014975, -17.429298253], [-49.2851588305, -17.4650625491], [-49.2882148413, -17.4930244462], [-49.3875550657, -17.4014220432], [-49.477380725, -17.3351698614], [-49.5196590902, -17.3439734822], [-49.5535167266, -17.3301821809], [-49.5755709107, -17.3044035617], [-49.6158811693, -17.2955329093], [-49.6144646611, -17.2553177659], [-49.5985203095, -17.2188228554], [-49.548295792, -17.179396179], [-49.4524960082, -17.1451447349], [-49.4433255998, -17.1464140725]]]}}, {"type": "Feature", "properties": {"name": "Mambaí"}, "geometry": {"type": "Polygon", "coordinates": [[[-46.0521733579, -14.2043989788], [-46.0215151451, -14.2599515668], [-45.9948753191, -14.2784641629], [-45.9536260879, -14.3249136179], [-45.9068762541, -14.3527899559], [-45.9256828394, -14.3857524975], [-45.9722751875, -14.4315951958], [-46.0169104731, -14.4202596584], [-46.0118292337, -14.4541743154], [-45.9967921076, -14.4870202938], [-46.00384967, -14.5153632458], [-45.989771975, -14.5414922252], [-45.9906912594, -14.5632563504], [-46.0006032345, -14.6011585678], [-45.9893261419, -14.6587418828], [-46.0205578417, -14.6629052107], [-46.0776860459, -14.6087109141], [-46.1181610165, -14.5492565717], [-46.1444363899, -14.5053874024], [-46.1955464849, -14.4548983354], [-46.1835747495, -14.4173557979], [-46.1867994069, -14.3019100233], [-46.1776252969, -14.2725819425], [-46.1231260326, -14.232393533], [-46.0521733579, -14.2043989788]]]}}, {"type": "Feature", "properties": {"name": "Mara Rosa"}, "geometry": {"type": "Polygon", "coordinates": [[[-49.1100755171, -13.9385819958], [-49.0134159133, -13.8986858973], [-48.970212318, -13.9039369652], [-48.9343603953, -13.9361460481], [-48.9214059983, -13.9756202234], [-48.940486528, -14.0088137356], [-49.0109716911, -14.0274046417], [-49.0880392309, -14.0111510602], [-49.1333006838, -14.018072248], [-49.1800626835, -14.0825237378], [-49.1955468767, -14.1073104642], [-49.2262757598, -14.1299692083], [-49.240635702, -14.1489609111], [-49.2494405237, -14.1891731672], [-49.2807983494, -14.1715434489], [-49.3117812222, -14.135143497], [-49.3628714553, -14.1230116175], [-49.4446633019, -14.0794595133], [-49.5647470121, -14.0963434015], [-49.5926328491, -14.1258625759], [-49.6094388039, -14.1324172214], [-49.6226924785, -14.1126802374], [-49.6349673067, -14.1173297975], [-49.6457724166, -14.0932020474], [-49.6886361319, -14.0581486234], [-49.7218871117, -14.0627502604], [-49.756023465, -14.0831427021], [-49.7535469571, -14.0578075643], [-49.7643541934, -14.0331276507], [-49.790136887, -14.0028736078], [-49.8085265185, -14.0077791842], [-49.8111293113, -13.9882681444], [-49.7973806265, -13.9613575811], [-49.8176961058, -13.9502887579], [-49.8259381457, -13.9103741507], [-49.7791982867, -13.8463256786], [-49.710356084, -13.854463747], [-49.6537218756, -13.8607088797], [-49.611382103, -13.9054454563], [-49.5487294552, -13.9618857545], [-49.4537461129, -13.9903715955], [-49.3887747108, -13.9617508175], [-49.365459561, -13.9500878319], [-49.3575219827, -13.9772390268], [-49.3235053975, -13.9980020263], [-49.2833305185, -13.974089394], [-49.2518819425, -13.9095971406], [-49.2200805465, -13.861031475], [-49.1104959653, -13.8860919478], [-49.1100755171, -13.9385819958]]]}}, {"type": "Feature", "properties": {"name": "Marzagão"}, "geometry": {"type": "Polygon", "coordinates": [[[-48.6563184723, -17.9240926772], [-48.6389565633, -17.9406240179], [-48.6304101645, -18.0138553801], [-48.6246583351, -18.023186168], [-48.631928379, -18.0394040859], [-48.6599862961, -18.0642190538], [-48.6913531992, -18.0938277624], [-48.7224192606, -18.0576351848], [-48.7374894759, -17.9897804342], [-48.7649061848, -17.9341265046], [-48.7038785384, -17.8625387322], [-48.6681566294, -17.9113607755], [-48.6563184723, -17.9240926772]]]}}, {"type": "Feature", "properties": {"name": "Matrinchã"}, "geometry": {"type": "Polygon", "coordinates": [[[-50.7890230771, -15.0218506904], [-50.7656371565, -15.0371800436], [-50.7502763371, -15.0596236289], [-50.7224145505, -15.0833563871], [-50.7159140446, -15.120771364], [-50.7300558031, -15.161392207], [-50.7300521734, -15.226876913], [-50.7298007567, -15.303784701], [-50.6835066168, -15.3857730913], [-50.6343133073, -15.4416573853], [-50.5584942867, -15.4678867806], [-50.5161905281, -15.4295816218], [-50.5283858929, -15.4743752988], [-50.5174995504, -15.5444488786], [-50.5493877564, -15.5677432874], [-50.6085940122, -15.5883264143], [-50.679935901, -15.5740261674], [-50.7365196782, -15.4937242225], [-50.781550165, -15.4852228392], [-50.7998018883, -15.4845124613], [-50.8262732717, -15.4703444564], [-50.8485829388, -15.4894480688], [-50.8639147908, -15.4938534772], [-50.8821959735, -15.471188217], [-50.917303932, -15.4541272104], [-50.935110895, -15.4377387462], [-50.9542230579, -15.4217254895], [-50.9593861089, -15.3914110227], [-50.9802997634, -15.3533972098], [-51.0085845145, -15.3477111403], [-51.0211858767, -15.3490602572], [-51.0314669484, -15.344503207], [-51.0391906924, -15.3192753887], [-51.0416396038, -15.303338283], [-51.0696495542, -15.2707052415], [-51.0498015658, -15.2545594283], [-51.0243242245, -15.2977108411], [-51.0062741365, -15.3168966181], [-50.962635881, -15.3124443582], [-50.9101382508, -15.3210153427], [-50.9134913531, -15.2151955482], [-50.8764928748, -15.2018163243], [-50.8031954274, -15.2012847267], [-50.7407215468, -15.1060584086], [-50.7728869574, -15.0534189024], [-50.7951124251, -15.0350609804], [-50.7890230771, -15.0218506904]]]}}, {"type": "Feature", "properties": {"name": "Maurilândia"}, "geometry": {"type": "Polygon", "coordinates": [[[-50.3979481479, -17.9281238318], [-50.344915434, -17.9418837134], [-50.309630424, -17.9888369636], [-50.2956299997, -18.0215832106], [-50.2169324274, -18.0286401306], [-50.2062161749, -18.0664208896], [-50.2517139144, -18.0693810605], [-50.2895025286, -18.0844099645], [-50.3232387779, -18.1135931979], [-50.377965549, -18.1535437606], [-50.4255781606, -18.1311579401], [-50.4321024765, -18.0810650805], [-50.5044156262, -18.0130466642], [-50.4405722311, -17.9406219605], [-50.3979481479, -17.9281238318]]]}}, {"type": "Feature", "properties": {"name": "Mimoso de Goiás"}, "geometry": {"type": "Polygon", "coordinates": [[[-48.125739906, -14.8435161162], [-48.0904087519, -14.8848254303], [-48.0571491525, -14.9104130039], [-48.0350705038, -14.959737447], [-48.0477302064, -14.9691649768], [-48.0628278626, -15.0241230207], [-48.0624359918, -15.0559559276], [-48.0737756132, -15.0908777735], [-48.0932172834, -15.1269746311], [-48.1141633309, -15.1535274377], [-48.1463533219, -15.1416018025], [-48.1816289402, -15.140557788], [-48.2231569256, -15.1171785775], [-48.2458047583, -15.1260774457], [-48.2861016851, -15.101077621], [-48.3226871921, -15.1123376438], [-48.3520699306, -15.098434143], [-48.3739948762, -15.094173612], [-48.4047457843, -15.104956618], [-48.4501857968, -15.1022598785], [-48.4886628666, -15.1170823939], [-48.5007674768, -15.1455575248], [-48.5138821466, -15.1556438235], [-48.546471565, -15.1704207205], [-48.563997129, -15.1649359375], [-48.5835468877, -15.161499197], [-48.6230192739, -15.13106266], [-48.6465436924, -15.0989613459], [-48.6461283586, -15.0662407482], [-48.6499967448, -15.0481079628], [-48.6395815249, -15.0234798676], [-48.6158835844, -15.0181516294], [-48.6055446878, -14.9898378617], [-48.5719116303, -15.0080185163], [-48.5013517209, -14.9978913681], [-48.4699964239, -14.965555307], [-48.4224391711, -14.9381208181], [-48.3715453241, -14.9392628282], [-48.3247133455, -14.8987371209], [-48.2036534534, -14.8631527183], [-48.125739906, -14.8435161162]]]}}, {"type": "Feature", "properties": {"name": "Minaçu"}, "geometry": {"type": "Polygon", "coordinates": [[[-48.4945575968, -13.1361452131], [-48.4692994226, -13.1491541951], [-48.4746942468, -13.1912549019], [-48.4720805101, -13.2227244139], [-48.4602976213, -13.2491503211], [-48.4571324287, -13.2824205019], [-48.4303903057, -13.2797522079], [-48.4014695637, -13.2700054216], [-48.3736381176, -13.2554598658], [-48.336495349, -13.2466502333], [-48.3170790187, -13.2295274461], [-48.3063577207, -13.2280309412], [-48.2874711793, -13.2035563566], [-48.2682190789, -13.2023766739], [-48.2424419962, -13.1869831472], [-48.2164671903, -13.1681539703], [-48.1901657083, -13.1540381173], [-48.1575193695, -13.1565221434], [-48.1633509521, -13.1825047018], [-48.168215695, -13.2431838625], [-48.1644125706, -13.3325405229], [-48.1469643539, -13.4387935325], [-48.1923292118, -13.4432487037], [-48.1761493443, -13.4815981568], [-48.1437404179, -13.503092972], [-48.1347065905, -13.5484174076], [-48.1096930232, -13.5682433016], [-48.1328806359, -13.6410558165], [-48.136998831, -13.7319414169], [-48.1872775946, -13.7809861545], [-48.2156227176, -13.8284753317], [-48.2807356291, -13.8319145171], [-48.3355142067, -13.8513928896], [-48.3683304962, -13.8270280907], [-48.3840864396, -13.8210328382], [-48.4037228667, -13.7778005598], [-48.4306929168, -13.7467438535], [-48.4447125591, -13.6963321829], [-48.4589390058, -13.6506647784], [-48.4565704527, -13.6077722284], [-48.4936634194, -13.613636276], [-48.5579410345, -13.6024320921], [-48.5681844623, -13.5952574933], [-48.615271972, -13.6348245868], [-48.6439610897, -13.624149989], [-48.6608806274, -13.6437747453], [-48.6926454109, -13.6101573508], [-48.6254913951, -13.5357785436], [-48.5858027183, -13.5085944376], [-48.5444956985, -13.4565831128], [-48.562082657, -13.43252005], [-48.5644963077, -13.3580726482], [-48.5777613482, -13.3143332518], [-48.5550201805, -13.2630625605], [-48.5465196895, -13.1952286008], [-48.5083291052, -13.1284754836], [-48.4945575968, -13.1361452131]]]}}, {"type": "Feature", "properties": {"name": "Mineiros"}, "geometry": {"type": "Polygon", "coordinates": [[[-52.8379996832, -18.423183195], [-52.9206384892, -18.6129509117], [-52.9531404887, -18.5619385834], [-52.9095701962, -18.4912954129], [-52.8509441635, -18.4218220509], [-52.8379996832, -18.423183195]], [[-52.8318856849, -16.7718926719], [-52.8354384059, -16.8041136207], [-52.8265429996, -16.820433566], [-52.8290797925, -16.8468675218], [-52.8227491323, -16.8753096457], [-52.815257061, -16.9005989044], [-52.7868724919, -16.9061730939], [-52.7616704683, -16.9375506655], [-52.7340306205, -16.9558940105], [-52.7122981912, -16.9620900588], [-52.6685869185, -16.9683248625], [-52.6526662561, -16.9652653898], [-52.6182208162, -16.9649456467], [-52.6339974885, -17.0022186], [-52.6323055163, -17.0068325262], [-52.6120589556, -17.0289391611], [-52.5855841319, -17.0398057637], [-52.5696654684, -17.0495779612], [-52.550800102, -17.0824605958], [-52.5205519925, -17.1002031912], [-52.5176099767, -17.1308234922], [-52.510752635, -17.2059249765], [-52.4776419279, -17.244909107], [-52.4451610758, -17.2864415181], [-52.3763881087, -17.2778662272], [-52.3363679537, -17.3045684695], [-52.2899529748, -17.3028522246], [-52.1988335623, -17.3148666577], [-52.1523543473, -17.3401046701], [-52.1185013553, -17.3681783536], [-52.105633944, -17.3921700191], [-52.1137499235, -17.4111786525], [-52.1446899488, -17.422957848], [-52.1784766597, -17.4352083896], [-52.2009968921, -17.4286941657], [-52.2180545507, -17.4013803919], [-52.2390822596, -17.3914077679], [-52.262743413, -17.4006814149], [-52.2881107713, -17.3743169255], [-52.2929113613, -17.3549639143], [-52.3289626653, -17.3326059197], [-52.3994174126, -17.3337684159], [-52.4849422941, -17.3386429928], [-52.5239412719, -17.3735581579], [-52.4608244318, -17.4050737868], [-52.4293894377, -17.422372238], [-52.3746067251, -17.4127724349], [-52.3535570297, -17.4484071127], [-52.3699710414, -17.5013910581], [-52.3274543772, -17.5431794123], [-52.2802242437, -17.6250091664], [-52.2301567771, -17.6650272373], [-52.2431410019, -17.7270400984], [-52.2746093475, -17.7744491181], [-52.2429128048, -17.8041726474], [-52.2492627594, -17.8336331973], [-52.339884123, -17.844269031], [-52.3598612567, -17.8427732008], [-52.3719655431, -17.8305356327], [-52.3889991817, -17.8297997593], [-52.4368031432, -17.8704687869], [-52.4995288133, -17.9157195739], [-52.5915712923, -17.9294346229], [-52.6506414809, -17.9521459954], [-52.7158289758, -17.9755492891], [-52.8203049047, -18.3102759673], [-53.013450922, -18.3256906294], [-53.1006645112, -18.3103829096], [-53.1285288694, -18.1380370904], [-53.0887314354, -18.0563356688], [-53.0855001144, -17.9615017532], [-53.1323580392, -17.8809924356], [-53.1461964101, -17.8168611396], [-53.169218563, -17.7700681372], [-53.1865924858, -17.7516176547], [-53.2190859169, -17.7201016941], [-53.2404725753, -17.6858332298], [-53.2436546794, -17.6558658061], [-53.246775485, -17.6226563219], [-53.242454469, -17.601378422], [-53.1959941271, -17.6128603384], [-53.1579774121, -17.6490505297], [-53.1104702099, -17.6608955992], [-53.1817448539, -17.5523764675], [-53.1529375897, -17.506763381], [-53.1152173563, -17.4754078913], [-53.0931360403, -17.4036425564], [-53.0838854549, -17.3842030277], [-53.0955255784, -17.3806675216], [-53.0371910241, -17.3485572537], [-52.9668598603, -17.3083801858], [-52.8833620702, -17.2690023182], [-52.9140847379, -17.1888779274], [-52.9304171709, -17.1485432779], [-52.9456390974, -17.1245173719], [-52.9569427744, -17.1095596133], [-52.9684752266, -17.0798297951], [-52.9531348405, -17.0340144809], [-52.9547236046, -17.0085549396], [-52.9539546964, -16.970402164], [-52.9436131752, -16.9498844814], [-52.9065073731, -16.9316001446], [-52.9223343514, -16.9079321345], [-52.9208024616, -16.8732653105], [-52.9178617542, -16.8557035749], [-52.9316912427, -16.8353864668], [-52.9256947499, -16.8048946088], [-52.906609036, -16.7988772608], [-52.8668852128, -16.7807820412], [-52.8318856849, -16.7718926719]], [[-52.6838349484, -17.2002728062], [-52.7127748395, -17.2161242868], [-52.7265539213, -17.2200268508], [-52.7603070243, -17.2577246283], [-52.8106118388, -17.3052097], [-52.8035551784, -17.3403668302], [-52.861448019, -17.3975704702], [-52.8902243751, -17.4681019504], [-52.7892810319, -17.4250866689], [-52.6771559848, -17.4495921651], [-52.6509442597, -17.4440621822], [-52.6350031863, -17.4629173413], [-52.6190309625, -17.4486067434], [-52.6043022926, -17.4219705476], [-52.5472043882, -17.3885032291], [-52.5635879719, -17.3321748777], [-52.6117552429, -17.3259273546], [-52.6328352373, -17.2906068033], [-52.6375292578, -17.2588027248], [-52.6491492736, -17.239509497], [-52.6838349484, -17.2002728062]]]}}, {"type": "Feature", "properties": {"name": "Moiporá"}, "geometry": {"type": "Polygon", "coordinates": [[[-50.927667018, -16.3955705795], [-50.8629986387, -16.4399548802], [-50.8247043849, -16.4739575121], [-50.7933577807, -16.5034749169], [-50.7517791454, -16.454959249], [-50.7018862468, -16.4141753581], [-50.6759651555, -16.4412468442], [-50.6523830911, -16.4587855666], [-50.6498018496, -16.4965629524], [-50.6245452607, -16.5111701223], [-50.6076875632, -16.5089422898], [-50.5968224115, -16.5274342882], [-50.6915189944, -16.6165000908], [-50.7371587259, -16.5875807108], [-50.7780495831, -16.5909800968], [-50.7994399308, -16.5771820491], [-50.8283908477, -16.5072322173], [-50.8739133757, -16.5132770518], [-50.960493675, -16.5047158305], [-50.9694402751, -16.4601647851], [-50.9631347353, -16.4181917828], [-50.927667018, -16.3955705795]]]}}, {"type": "Feature", "properties": {"name": "Monte Alegre de Goiás"}, "geometry": {"type": "Polygon", "coordinates": [[[-46.5025754254, -13.0043396381], [-46.4544929294, -13.018279152], [-46.4577405757, -13.0665998348], [-46.5058541195, -13.0966938945], [-46.5187684569, -13.1322468749], [-46.5303277904, -13.1535712004], [-46.55818589, -13.1849015746], [-46.5894400146, -13.2096295451], [-46.6069086871, -13.2179640662], [-46.6672390619, -13.2362164929], [-46.6849662338, -13.2591553339], [-46.6893608942, -13.297377548], [-46.7065214905, -13.3252319512], [-46.6960510287, -13.3527242048], [-46.7140870114, -13.3849981009], [-46.7288827279, -13.3910242443], [-46.7461354008, -13.4125169261], [-46.7510462658, -13.4331174623], [-46.7618777425, -13.4476439366], [-46.771248355, -13.4785156914], [-46.7645798034, -13.4898833793], [-46.7848245617, -13.5099491703], [-46.7738414235, -13.5319156609], [-46.7929920966, -13.5802552228], [-46.8256319292, -13.5872300476], [-46.8624412442, -13.6124271053], [-46.8954927024, -13.5907803341], [-46.9496609235, -13.5604833266], [-47.0077465733, -13.5419522339], [-47.063350089, -13.5075149532], [-47.0756855519, -13.45641328], [-47.1263296998, -13.4387467321], [-47.1538858133, -13.4122658909], [-47.2141379818, -13.4467111842], [-47.2868132341, -13.4233710375], [-47.3282452411, -13.3588309271], [-47.3724114731, -13.2937100743], [-47.3933571107, -13.2451444478], [-47.3676057621, -13.2357036558], [-47.2941051703, -13.2484954377], [-47.2749338948, -13.2504896743], [-47.2511057668, -13.2119456766], [-47.211015712, -13.1921148677], [-47.1827574502, -13.2052666695], [-47.1348007575, -13.2027172727], [-47.1085300242, -13.1706046816], [-47.0895544575, -13.1735766393], [-47.0804138008, -13.1615260719], [-47.050887808, -13.1554748572], [-47.0224094611, -13.1415612585], [-47.0007138624, -13.1209437057], [-46.9781522287, -13.1211596931], [-46.928467326, -13.0826518261], [-46.8798298563, -13.0589070511], [-46.8541293366, -13.0668731878], [-46.8277741784, -13.0686006358], [-46.8203231073, -13.0654522425], [-46.7926065597, -13.08426976], [-46.7348317331, -13.1065686926], [-46.6682201511, -13.0608555774], [-46.6051305052, -13.0427242065], [-46.5387971227, -13.0166532004], [-46.5025754254, -13.0043396381]]]}}, {"type": "Feature", "properties": {"name": "Montes Claros de Goiás"}, "geometry": {"type": "Polygon", "coordinates": [[[-51.6490798681, -15.5546999773], [-51.6405758531, -15.5630888448], [-51.6075243086, -15.5855911461], [-51.5901605081, -15.6049179092], [-51.5814675341, -15.6161273519], [-51.5781378018, -15.6478054032], [-51.5689423683, -15.6779038238], [-51.5602766378, -15.7083658396], [-51.5458900591, -15.7536901292], [-51.5343627005, -15.7806810661], [-51.5204716533, -15.7818579229], [-51.5265550422, -15.8081521301], [-51.471061224, -15.8284068147], [-51.4334908948, -15.8456577735], [-51.4319175309, -15.8770062988], [-51.4052435482, -15.8978169932], [-51.3951147445, -15.9099230577], [-51.3811651882, -15.90533675], [-51.3719684447, -15.9351661829], [-51.3219377651, -15.9376381762], [-51.3035295535, -15.9465564565], [-51.2664664107, -15.9739965917], [-51.2351932407, -15.9939479893], [-51.2111023045, -16.0304788755], [-51.2020975787, -16.0697308687], [-51.2260281577, -16.1302095756], [-51.2612202706, -16.1828980483], [-51.2966543731, -16.1853153388], [-51.3042454053, -16.1999197524], [-51.3198629511, -16.1945177848], [-51.3420405386, -16.2027083802], [-51.3606896214, -16.210287954], [-51.3780260316, -16.1874435116], [-51.3911992935, -16.1948689021], [-51.4237458759, -16.2064286938], [-51.4404593737, -16.1982868819], [-51.4334930176, -16.1772017236], [-51.4446943086, -16.1520543363], [-51.4572245144, -16.1268368925], [-51.4723013174, -16.117844017], [-51.4969989095, -16.1270385617], [-51.5336327992, -16.1470218211], [-51.5479924287, -16.1737569355], [-51.5809986725, -16.175677506], [-51.6160324015, -16.183562882], [-51.6422884343, -16.1384229211], [-51.7006958271, -16.1103812372], [-51.7523587701, -16.0890835517], [-51.7844093696, -16.0472197824], [-51.8195552649, -16.0086755311], [-51.8528861001, -15.9459649136], [-51.8400047762, -15.9565546715], [-51.8529165873, -15.9171044752], [-51.8518043738, -15.8950287743], [-51.8425776271, -15.851563697], [-51.8646646997, -15.8266999767], [-51.8589222458, -15.7887534984], [-51.8041190984, -15.7128278266], [-51.7770788013, -15.5385588839], [-51.7272454242, -15.5503517304], [-51.7042035515, -15.4962582491], [-51.6340218349, -15.5351568015], [-51.6490798681, -15.5546999773]]]}}, {"type": "Feature", "properties": {"name": "Montividiu"}, "geometry": {"type": "Polygon", "coordinates": [[[-51.0466619177, -16.9571968837], [-50.9898276298, -17.0334193159], [-50.947882454, -17.0735010131], [-50.9634934938, -17.100398309], [-51.0123349867, -17.1623837194], [-51.1254647134, -17.2177599266], [-51.0936880194, -17.2835871535], [-51.0547204248, -17.2852681467], [-51.0244962734, -17.311033985], [-51.0032424287, -17.3232720672], [-50.9894410969, -17.3151511016], [-50.9871065716, -17.3746106029], [-50.9387680158, -17.4120936284], [-51.0312106643, -17.5014943488], [-51.1019664147, -17.5216076198], [-51.1840247496, -17.530290212], [-51.3090759329, -17.5118854797], [-51.4303577605, -17.4460950067], [-51.4727982622, -17.3920664025], [-51.522161612, -17.3374802724], [-51.4226454346, -17.3344066231], [-51.3658020915, -17.2791057545], [-51.3227694327, -17.2694834328], [-51.2800797343, -17.1897080828], [-51.2715231107, -17.160652202], [-51.2391090205, -17.1458194711], [-51.1911826721, -17.125445463], [-51.1326644551, -17.1128561172], [-51.1070493971, -17.0657037575], [-51.1071061635, -16.9745860154], [-51.0741850916, -16.9593944165], [-51.0466619177, -16.9571968837]]]}}, {"type": "Feature", "properties": {"name": "Montividiu do Norte"}, "geometry": {"type": "Polygon", "coordinates": [[[-48.8624161762, -12.8045510787], [-48.8417198596, -12.8300315862], [-48.8254655722, -12.8450783095], [-48.804856814, -12.8664719654], [-48.7909172233, -12.8837993775], [-48.7541057235, -12.9076356656], [-48.7370989485, -12.9492562591], [-48.7173683052, -13.0018886083], [-48.6901613572, -13.0028783585], [-48.6639422635, -13.0010834487], [-48.6360901716, -13.0208254374], [-48.6098344673, -13.0599704164], [-48.5957658804, -13.0882845186], [-48.5806053245, -13.1139459276], [-48.5817985767, -13.1414937894], [-48.5860255867, -13.1586434622], [-48.5800511682, -13.1909489791], [-48.6001309621, -13.2381960427], [-48.5977884438, -13.2838019175], [-48.5777613482, -13.3143332518], [-48.5644963077, -13.3580726482], [-48.5982793247, -13.3914052592], [-48.6220177146, -13.4055556335], [-48.6655288659, -13.3928435376], [-48.7181921231, -13.367128681], [-48.7483839136, -13.3442879638], [-48.7780490039, -13.3447111072], [-48.8179856811, -13.3319082189], [-48.7959970404, -13.2574947396], [-48.8406631104, -13.2153303061], [-48.8852955072, -13.19108418], [-48.9104223788, -13.1640432091], [-48.8876608159, -13.149237885], [-48.8901932254, -13.1130975719], [-48.889387502, -13.080107449], [-48.8799932309, -13.0401897803], [-48.865108662, -13.0148234414], [-48.8586900532, -12.9889821268], [-48.8370232905, -12.9614174439], [-48.8405469736, -12.9330630514], [-48.846723932, -12.9156046888], [-48.8411040521, -12.8805030038], [-48.8792783649, -12.8170829652], [-48.8624161762, -12.8045510787]]]}}, {"type": "Feature", "properties": {"name": "Morrinhos"}, "geometry": {"type": "Polygon", "coordinates": [[[-49.2980754633, -17.5113242525], [-49.2261833053, -17.505567651], [-49.1742944907, -17.5392288954], [-49.1094133033, -17.5426781285], [-49.0761026233, -17.5219849731], [-49.0048817919, -17.5601947875], [-48.9579276483, -17.5731732427], [-48.9244329356, -17.6078711182], [-48.8925720099, -17.6337947548], [-48.8724648748, -17.6670570233], [-48.8485724842, -17.688847388], [-48.83446285, -17.7386072432], [-48.832188252, -17.7730672192], [-48.8237422028, -17.8084259759], [-48.8303529721, -17.8239027198], [-48.8311020186, -17.8583492618], [-48.8507080751, -17.8775557418], [-48.8465112233, -17.9073717756], [-48.8473215548, -17.9540165525], [-48.851096102, -17.9811045653], [-48.8602452093, -18.0151638128], [-48.861880342, -18.0445911028], [-48.8776815477, -18.0799185176], [-48.9034371169, -18.0921346082], [-48.9176262764, -18.0763696232], [-48.9295761328, -18.0603976718], [-48.9304605118, -18.0322473754], [-48.9545478441, -17.9913061289], [-49.0020711686, -17.9865282151], [-49.0266589334, -17.9702975344], [-49.0851309595, -17.9551511915], [-49.1743015504, -17.9886032812], [-49.361655697, -17.9604364848], [-49.4069601694, -17.9134689123], [-49.4545703399, -17.894495438], [-49.4597670933, -17.8725072157], [-49.4484054526, -17.7968008645], [-49.4363538885, -17.7806052208], [-49.4282419848, -17.7613468601], [-49.4588801907, -17.7504397217], [-49.4451062476, -17.7200295693], [-49.4223261618, -17.6983582534], [-49.4047155079, -17.6281509243], [-49.3535771799, -17.5953452131], [-49.3283051966, -17.5901367267], [-49.303188703, -17.5556080455], [-49.3009324183, -17.5264842459], [-49.2980754633, -17.5113242525]]]}}, {"type": "Feature", "properties": {"name": "Morro Agudo de Goiás"}, "geometry": {"type": "Polygon", "coordinates": [[[-50.0404851394, -15.2272564826], [-50.0049673889, -15.2628261145], [-49.9295792603, -15.2526809414], [-49.9121900263, -15.2929097948], [-49.901436122, -15.3491467916], [-49.9080524761, -15.3704687749], [-49.9423865571, -15.3614905824], [-49.9771003235, -15.371481862], [-50.0059385838, -15.3691237066], [-50.0380468804, -15.3602595732], [-50.0877738618, -15.3653298937], [-50.1306657756, -15.3958676832], [-50.1313854515, -15.3375871683], [-50.0848032002, -15.260208142], [-50.0584142229, -15.2294433942], [-50.0404851394, -15.2272564826]]]}}, {"type": "Feature", "properties": {"name": "Mossâmedes"}, "geometry": {"type": "Polygon", "coordinates": [[[-50.0413016545, -16.02992613], [-50.0303515076, -16.0778050982], [-50.0159110347, -16.1939563522], [-49.9401352273, -16.2237107325], [-50.0236533305, -16.2325912729], [-50.0948041291, -16.2675889712], [-50.1409085614, -16.3209457218], [-50.2280494268, -16.2972508643], [-50.2054069088, -16.2580687531], [-50.2624969364, -16.1695319947], [-50.3206065275, -16.1520271852], [-50.3429738621, -16.1532549831], [-50.3720263354, -16.1297424742], [-50.367517967, -16.0810207046], [-50.3242481346, -16.0870044332], [-50.2261127206, -16.076142283], [-50.1727963095, -16.0616850483], [-50.0970229804, -16.0332068912], [-50.0413016545, -16.02992613]]]}}, {"type": "Feature", "properties": {"name": "Mozarlândia"}, "geometry": {"type": "Polygon", "coordinates": [[[-50.8447433128, -14.6092076741], [-50.8140218661, -14.6173948309], [-50.7899151591, -14.6232001395], [-50.7830027102, -14.6812129728], [-50.7611533375, -14.6848203282], [-50.7358935594, -14.7094753107], [-50.7249921212, -14.7147024241], [-50.6998851537, -14.7126880647], [-50.6753302824, -14.6998820876], [-50.6617498246, -14.6928261072], [-50.6396376196, -14.6710740607], [-50.6170735156, -14.6807846226], [-50.5933810306, -14.6756914102], [-50.5699122685, -14.6530916087], [-50.5741354845, -14.6428919918], [-50.5584641939, -14.616131903], [-50.5356934102, -14.649318037], [-50.4953303812, -14.6823461764], [-50.5029684342, -14.7136620296], [-50.4820204066, -14.7208823696], [-50.4666356517, -14.7263356775], [-50.4542516012, -14.7255494284], [-50.4362443614, -14.7482005753], [-50.4149306622, -14.7974681868], [-50.3954938544, -14.7905741406], [-50.3715215743, -14.8125552544], [-50.3529367325, -14.8226932327], [-50.339639299, -14.8355738403], [-50.3326070422, -14.8607223522], [-50.3026656284, -14.8983418088], [-50.313354731, -14.9134449271], [-50.3140765413, -14.9434272201], [-50.4632766645, -15.0438790866], [-50.509556107, -15.0563497723], [-50.576385265, -15.0210833433], [-50.6237432972, -14.986405528], [-50.6988417565, -14.9590522419], [-50.7704853916, -14.9549148674], [-50.7993924041, -14.9014571074], [-50.8162728431, -14.8464161884], [-50.8285825625, -14.783431081], [-50.8320818174, -14.7694170751], [-50.8304249797, -14.7430574613], [-50.8348030051, -14.7195502601], [-50.8522407842, -14.6950882278], [-50.8536661369, -14.6766044626], [-50.8724434883, -14.6718184501], [-50.8685774369, -14.6439293174], [-50.8397983231, -14.6258404003], [-50.8447433128, -14.6092076741]]]}}, {"type": "Feature", "properties": {"name": "Mundo Novo"}, "geometry": {"type": "Polygon", "coordinates": [[[-50.2590206162, -13.5387709959], [-50.2748544608, -13.5791853763], [-50.2397459889, -13.5980210832], [-50.2440214613, -13.643258599], [-50.2161867334, -13.6504570099], [-50.1954191782, -13.6514852545], [-50.1491035663, -13.6601907391], [-50.1180253596, -13.6888521819], [-50.0972470724, -13.6730905371], [-50.0563030932, -13.7057023327], [-49.9958843625, -13.6843411401], [-49.9565361796, -13.7255825631], [-49.9242456095, -13.7537840439], [-49.940998871, -13.7988907603], [-49.9385279873, -13.8278086315], [-49.9745014405, -13.8820438717], [-49.938192491, -13.9201653306], [-49.9375261539, -13.9783506236], [-50.1580861248, -14.0042502071], [-50.3424994944, -13.967552307], [-50.3723307694, -13.8523875105], [-50.4844716798, -13.7484414901], [-50.4701631487, -13.7233323972], [-50.4608576886, -13.7008229106], [-50.4616632848, -13.661181959], [-50.4705786975, -13.6273441583], [-50.4642441375, -13.6039562808], [-50.4631091623, -13.5828059311], [-50.4506088393, -13.5551784135], [-50.382466657, -13.5770281958], [-50.2895598553, -13.5436059294], [-50.2590206162, -13.5387709959]]]}}, {"type": "Feature", "properties": {"name": "Mutunópolis"}, "geometry": {"type": "Polygon", "coordinates": [[[-49.0745267094, -13.5561637877], [-49.0830270691, -13.5822854304], [-49.0933055692, -13.6130207028], [-49.1147747449, -13.6490302328], [-49.1358006024, -13.6833987265], [-49.1596084252, -13.7032734721], [-49.1808306612, -13.7243123658], [-49.1576953668, -13.8006393196], [-49.1494986368, -13.8475006828], [-49.2773518882, -13.7991164002], [-49.3097393145, -13.7794685659], [-49.3687427507, -13.7881646102], [-49.4186866471, -13.8157948824], [-49.453194569, -13.8165958661], [-49.4876335401, -13.8267315634], [-49.532413893, -13.8288270177], [-49.5506042493, -13.8056286485], [-49.5825828735, -13.7856139066], [-49.5744441956, -13.766492478], [-49.5514440966, -13.7654023463], [-49.5434693061, -13.734400342], [-49.5324863359, -13.7181068434], [-49.5210459048, -13.7020574157], [-49.4873275715, -13.6807421883], [-49.4415010885, -13.6695316], [-49.4016317096, -13.6850653348], [-49.357215975, -13.7104572921], [-49.3080248576, -13.6960556633], [-49.3171656095, -13.5731052007], [-49.2551339618, -13.5854374365], [-49.2226950307, -13.5868843485], [-49.1685796786, -13.5856890974], [-49.1235422061, -13.5588771165], [-49.0745267094, -13.5561637877]]]}}, {"type": "Feature", "properties": {"name": "Nazário"}, "geometry": {"type": "Polygon", "coordinates": [[[-49.7972165745, -16.5170262864], [-49.7483790144, -16.5744537162], [-49.7380220315, -16.6076629617], [-49.7300493788, -16.6375941583], [-49.8791131349, -16.639595795], [-49.9204106836, -16.6197528368], [-49.95035871, -16.6015526559], [-50.006231948, -16.6201370864], [-49.9333385952, -16.5443366894], [-49.908305298, -16.5355536079], [-49.9003015706, -16.5295629957], [-49.8417736363, -16.5137575563], [-49.7972165745, -16.5170262864]]]}}, {"type": "Feature", "properties": {"name": "Nerópolis"}, "geometry": {"type": "Polygon", "coordinates": [[[-49.2297453892, -16.3209297236], [-49.1758438947, -16.3652487267], [-49.113438024, -16.4272468036], [-49.1168784836, -16.4640020513], [-49.1227740697, -16.5079099426], [-49.1762377167, -16.5379867424], [-49.1774696604, -16.482016338], [-49.1915789068, -16.4596268515], [-49.2801575463, -16.3986653608], [-49.2568585306, -16.3689753375], [-49.2301359409, -16.3205736143], [-49.2297453892, -16.3209297236]]]}}, {"type": "Feature", "properties": {"name": "Niquelândia"}, "geometry": {"type": "Polygon", "coordinates": [[[-48.3018534933, -13.9362994826], [-48.2644387736, -13.9508753275], [-48.2478322089, -13.9809740961], [-48.209022448, -14.0243345192], [-48.1790230333, -14.0469876371], [-48.1708014341, -14.0734755051], [-48.1589914555, -14.1079927804], [-48.1366374558, -14.1405421444], [-48.0861828583, -14.1900417007], [-48.0448806018, -14.2328786487], [-48.0043589703, -14.242485564], [-47.999163183, -14.2615760715], [-47.9679326217, -14.2615745441], [-47.9348820885, -14.2772517871], [-47.9111862821, -14.2975452983], [-47.9084062382, -14.3306962959], [-47.8770749745, -14.3435553447], [-47.8546066922, -14.3381124521], [-47.831856803, -14.3342152976], [-47.8341735032, -14.3623710356], [-47.8515205753, -14.3728082243], [-47.8455704079, -14.4142105012], [-47.8362729608, -14.4459112101], [-47.8303085821, -14.4665708046], [-47.8060050916, -14.5140073458], [-47.7831642943, -14.5282747], [-47.7688927935, -14.549700542], [-47.7656307837, -14.5708440065], [-47.7633263549, -14.594548131], [-47.7708550625, -14.6405591386], [-47.7781824839, -14.6781876024], [-47.8200752196, -14.7148938609], [-47.8315989713, -14.7321242457], [-47.8889598873, -14.7779344122], [-48.0036021741, -14.809644019], [-48.034212912, -14.8472237119], [-48.0685765336, -14.8745232491], [-48.0813594622, -14.871863325], [-48.1390082453, -14.8458665624], [-48.257863788, -14.8737289136], [-48.3567204142, -14.9179075], [-48.4048868432, -14.9400229676], [-48.4483033066, -14.9568221628], [-48.4809106344, -14.9874023344], [-48.5491854897, -15.0060013265], [-48.5933542038, -14.9915991185], [-48.6211310822, -15.0021148949], [-48.6266059504, -14.9970839841], [-48.6395787495, -14.9662453553], [-48.6751860675, -14.9837793657], [-48.6819900241, -14.9628741466], [-48.7195732982, -14.9508762803], [-48.743209951, -14.9360135196], [-48.7463844782, -14.9125635193], [-48.7443805656, -14.8726994936], [-48.7450518629, -14.8427160388], [-48.7263509085, -14.8104933465], [-48.7210211877, -14.7909062834], [-48.7133801108, -14.74186889], [-48.7296625079, -14.6926507885], [-48.7395548566, -14.6658589764], [-48.7714376599, -14.642324399], [-48.7971567165, -14.6599805706], [-48.8177723944, -14.6760745957], [-48.8611035261, -14.6875257346], [-48.8960192294, -14.6768451452], [-48.9577502644, -14.6742893583], [-48.9702723714, -14.6532934063], [-48.9908051251, -14.6299583483], [-48.9925766027, -14.5846697333], [-48.9917174946, -14.5964433056], [-49.0176328795, -14.580384328], [-49.0276344027, -14.5637478888], [-49.0144713814, -14.5368475367], [-49.0226618534, -14.4954147108], [-48.9770242315, -14.4139989847], [-49.007550326, -14.3297393305], [-48.9657105152, -14.2929401631], [-48.9224946007, -14.2466360887], [-48.8794368527, -14.2092006602], [-48.8474955932, -14.1575122313], [-48.8025544078, -14.1622591969], [-48.7640783752, -14.1423959374], [-48.7182714018, -14.1333564814], [-48.6910821261, -14.1504897536], [-48.6236055938, -14.1820568434], [-48.6003535379, -14.1766549327], [-48.5760523232, -14.1444082141], [-48.5240455217, -14.124743751], [-48.493630371, -14.080906935], [-48.4808852713, -14.0411825567], [-48.4335191055, -14.022493968], [-48.3590200926, -13.9750868978], [-48.3218221431, -13.9689282375], [-48.3028581794, -13.9425671547], [-48.3018534933, -13.9362994826]]]}}, {"type": "Feature", "properties": {"name": "Nova América"}, "geometry": {"type": "Polygon", "coordinates": [[[-49.9051382297, -14.9802363533], [-49.8741614297, -14.9798073012], [-49.8366297029, -15.003446034], [-49.8370577252, -15.0596502693], [-49.8491908537, -15.0867424339], [-49.8778445348, -15.0902409468], [-49.9018535785, -15.083621256], [-49.98733344, -15.080505071], [-50.0437955544, -15.1056127171], [-50.0545237387, -15.095113121], [-50.0185463188, -15.0420923022], [-49.9295583472, -14.9835772163], [-49.9051382297, -14.9802363533]]]}}, {"type": "Feature", "properties": {"name": "Nova Aurora"}, "geometry": {"type": "Polygon", "coordinates": [[[-48.2526876473, -17.995843342], [-48.2085420883, -17.9959007065], [-48.2125455876, -18.0184625334], [-48.234100384, -18.0339332641], [-48.2168236457, -18.0729735427], [-48.2326518475, -18.1217850979], [-48.258461875, -18.1253962207], [-48.2746321808, -18.1449539535], [-48.2757063496, -18.1798384627], [-48.2674646961, -18.1986809858], [-48.2699603279, -18.2206544707], [-48.2750738417, -18.2331919864], [-48.2954283984, -18.2432369582], [-48.3244859398, -18.2428250254], [-48.375821885, -18.1495367772], [-48.3798092482, -18.1092638351], [-48.3226290335, -18.0525490595], [-48.3142980936, -17.9929249746], [-48.3090391893, -17.9536254118], [-48.2882621173, -17.9642482413], [-48.2542658076, -17.9918128747], [-48.2526876473, -17.995843342]]]}}, {"type": "Feature", "properties": {"name": "Nova Crixás"}, "geometry": {"type": "Polygon", "coordinates": [[[-50.5749952435, -13.3883734603], [-50.5806688221, -13.4076548688], [-50.5497478477, -13.4345163749], [-50.5317246645, -13.4587602141], [-50.5415274769, -13.5059351578], [-50.467862526, -13.5640325243], [-50.4565860755, -13.5938012045], [-50.4608014788, -13.6221596411], [-50.4620356611, -13.6496113781], [-50.4640245469, -13.6832520875], [-50.4714430264, -13.7174485306], [-50.4669358736, -13.7380943557], [-50.4351100811, -13.8026269551], [-50.3630501226, -13.9318479385], [-50.2859426935, -13.9945836178], [-50.1502774047, -14.054003121], [-50.1433396093, -14.1251383906], [-50.3465515253, -14.3661073137], [-50.3327783433, -14.3941627412], [-50.3179678193, -14.424743609], [-50.2973347349, -14.4653623584], [-50.3067178389, -14.4916907209], [-50.2786376777, -14.5156437509], [-50.2714397019, -14.5348123932], [-50.2773335478, -14.5486154047], [-50.2922783304, -14.5689064481], [-50.2614724597, -14.6015367534], [-50.2383074385, -14.6291234326], [-50.2350152376, -14.649196581], [-50.3109438213, -14.730938329], [-50.3661596434, -14.7249001029], [-50.4525827344, -14.7229064493], [-50.4638248221, -14.7278609997], [-50.4815253022, -14.725053361], [-50.5027157247, -14.7193743352], [-50.4916618968, -14.6893116626], [-50.5203983849, -14.648054337], [-50.5508047643, -14.6174004145], [-50.5694470444, -14.6388445266], [-50.5736782588, -14.6515191414], [-50.587306393, -14.6760698284], [-50.6149724395, -14.6768520723], [-50.6352191045, -14.6738546463], [-50.6603316051, -14.6865527431], [-50.6728551298, -14.7045646462], [-50.6943029589, -14.7028259297], [-50.7179892752, -14.7201447454], [-50.7321019901, -14.7061639711], [-50.7516387376, -14.6944175627], [-50.7791090678, -14.6867484603], [-50.7820217614, -14.6283730936], [-50.8102514599, -14.6214319455], [-50.8432515862, -14.6115522928], [-50.8606313881, -14.6211753707], [-50.8799954417, -14.5987947703], [-50.868857682, -14.571017076], [-50.8652775608, -14.5584590805], [-50.8536931261, -14.5220546441], [-50.853633275, -14.4789421145], [-50.8382762316, -14.4563053135], [-50.8393058389, -14.4222363707], [-50.8049144238, -14.3932240095], [-50.7877230632, -14.3580508337], [-50.7735786733, -14.3422241883], [-50.7601440259, -14.3098858215], [-50.7713565949, -14.2751059995], [-50.7908078288, -14.2414121854], [-50.7954151686, -14.1985089976], [-50.8067211334, -14.1673231809], [-50.8343057111, -14.1280477358], [-50.8312497449, -14.0722438518], [-50.8622726907, -13.9564934511], [-50.841031583, -13.8595311257], [-50.8703380021, -13.7388330026], [-50.822504055, -13.7127914244], [-50.7680283293, -13.5966125181], [-50.6836955189, -13.4437310779], [-50.6459053613, -13.3607437817], [-50.6070154001, -13.345570583], [-50.5749952435, -13.3883734603]]]}}, {"type": "Feature", "properties": {"name": "Nova Glória"}, "geometry": {"type": "Polygon", "coordinates": [[[-49.4245506214, -14.9727476443], [-49.3916039361, -15.0022068563], [-49.3643793336, -15.0046018742], [-49.3246210743, -14.9905058091], [-49.3660756679, -15.0422915403], [-49.3934421652, -15.0711546535], [-49.4454656842, -15.1150336817], [-49.4686041548, -15.122294719], [-49.4952748871, -15.1429438264], [-49.5055287091, -15.1780599268], [-49.5451301962, -15.180789396], [-49.5993813379, -15.1800120715], [-49.6365789599, -15.0977421341], [-49.6183305469, -15.0543604657], [-49.5877748266, -15.0294478945], [-49.561495148, -15.0081685741], [-49.5300059497, -14.9889453747], [-49.4782495129, -14.9953035366], [-49.4614647066, -14.9997403451], [-49.4405443267, -14.9905984782], [-49.4245506214, -14.9727476443]]]}}, {"type": "Feature", "properties": {"name": "Nova Iguaçu de Goiás"}, "geometry": {"type": "Polygon", "coordinates": [[[-49.1534958628, -14.2091691876], [-49.1670177678, -14.2974153512], [-49.1878877562, -14.3724644097], [-49.2410264705, -14.393748597], [-49.3023832041, -14.4035244229], [-49.3341014926, -14.4572171106], [-49.3460494737, -14.5013483986], [-49.3551955507, -14.5048993726], [-49.4072169794, -14.4167681706], [-49.4154953615, -14.3925972825], [-49.4063816536, -14.3684990543], [-49.4118530698, -14.3380404781], [-49.4259340449, -14.299076392], [-49.4221600487, -14.2742380039], [-49.4004368031, -14.2567233185], [-49.3647971576, -14.2509436635], [-49.3353309958, -14.2609942375], [-49.3181626866, -14.2408973944], [-49.2974234981, -14.2273273689], [-49.2619404755, -14.2114327031], [-49.2372774221, -14.1526889372], [-49.2193357664, -14.1311112711], [-49.2020001906, -14.0956803267], [-49.1752734028, -14.1536608207], [-49.1875543893, -14.1803338891], [-49.1534958628, -14.2091691876]]]}}, {"type": "Feature", "properties": {"name": "Nova Roma"}, "geometry": {"type": "Polygon", "coordinates": [[[-46.9845770602, -13.5485892513], [-46.9286282226, -13.5900345737], [-46.8677115516, -13.6081059849], [-46.854016309, -13.6240661073], [-46.7984685833, -13.6563476913], [-46.7853241727, -13.7024428709], [-46.8209085963, -13.7497220719], [-46.8171276468, -13.7933453318], [-46.8265726607, -13.8406565461], [-46.8662905024, -13.8803417252], [-46.8408057116, -13.9498287435], [-46.832771144, -14.0219524817], [-46.8751548513, -14.0329438593], [-46.9219920152, -14.0877642806], [-46.9772680497, -14.088740858], [-46.9930510034, -14.0918267513], [-46.9949084604, -14.0487528029], [-47.0247182408, -14.0391319406], [-47.0568792774, -14.0408761919], [-47.0789025577, -14.0613941705], [-47.0947964444, -14.0852238361], [-47.126501214, -14.0872353807], [-47.1698016183, -13.9896461564], [-47.1798534779, -13.956318054], [-47.1714640992, -13.9136872657], [-47.1928258446, -13.8759876469], [-47.1977184021, -13.8608606202], [-47.1825743049, -13.7080499943], [-47.1566039011, -13.6710501008], [-47.1524633983, -13.6065024489], [-47.1364348045, -13.5039264741], [-47.1008317113, -13.4323579724], [-47.0691652939, -13.4654427849], [-47.0538225226, -13.5224561525], [-46.9991648575, -13.5468405742], [-46.9845770602, -13.5485892513]]]}}, {"type": "Feature", "properties": {"name": "Nova Veneza"}, "geometry": {"type": "Polygon", "coordinates": [[[-49.3190827821, -16.3101899657], [-49.2358296551, -16.3289550178], [-49.2541617816, -16.3813840853], [-49.2902453615, -16.4102461536], [-49.3339392194, -16.406657654], [-49.3647692167, -16.3334960764], [-49.3363565747, -16.2921366903], [-49.3190827821, -16.3101899657]]]}}, {"type": "Feature", "properties": {"name": "Novo Brasil"}, "geometry": {"type": "Polygon", "coordinates": [[[-50.6836893617, -15.9362435568], [-50.6123592463, -15.9818530961], [-50.5749702577, -16.0419903588], [-50.5136907134, -16.0327324651], [-50.4748637324, -16.0677374167], [-50.5180568314, -16.174863204], [-50.5787789223, -16.2203447756], [-50.6130525115, -16.1608594267], [-50.6304159646, -16.1567508597], [-50.6742196921, -16.1122970407], [-50.8185217501, -16.078536624], [-50.7985469299, -16.0275897349], [-50.7834462205, -15.9955145355], [-50.7830201873, -15.9431445128], [-50.7417756209, -15.8994590895], [-50.6893061883, -15.9046827398], [-50.6836893617, -15.9362435568]]]}}, {"type": "Feature", "properties": {"name": "Novo Gama"}, "geometry": {"type": "Polygon", "coordinates": [[[-48.019804528, -16.1758072602], [-48.1437458727, -16.1476940856], [-48.1195498947, -16.0735985078], [-48.0339943839, -16.0511513036], [-48.005755991, -16.1356822795], [-48.019804528, -16.1758072602]]]}}, {"type": "Feature", "properties": {"name": "Novo Planalto"}, "geometry": {"type": "Polygon", "coordinates": [[[-49.4314060977, -13.2407111079], [-49.4197169889, -13.2587066739], [-49.4860767504, -13.249952481], [-49.5699430892, -13.2893985098], [-49.5863341775, -13.309902697], [-49.6125265529, -13.332110186], [-49.6478253298, -13.3517498879], [-49.6699714386, -13.3700253079], [-49.698385199, -13.4088084212], [-49.7386033077, -13.4243055611], [-49.7651576926, -13.4277454042], [-49.7784932159, -13.4499433471], [-49.8049921712, -13.4594474892], [-49.8310255764, -13.4624600702], [-49.8743266252, -13.5052412579], [-49.9275015489, -13.5010033698], [-49.95132658, -13.4899888293], [-49.9786139984, -13.4884090348], [-49.9549915752, -13.469232044], [-49.8812217756, -13.4091277969], [-49.8570566212, -13.348142987], [-49.8178599496, -13.2796695884], [-49.8165022871, -13.2204085978], [-49.8421587083, -13.1541910487], [-49.8969253467, -12.9801305189], [-49.4314060977, -13.2407111079]]]}}, {"type": "Feature", "properties": {"name": "Orizona"}, "geometry": {"type": "Polygon", "coordinates": [[[-48.1734584749, -16.7309621071], [-48.156015491, -16.7366271733], [-48.1242953286, -16.7406152362], [-48.0897910388, -16.7680107577], [-48.0767661773, -16.8087502421], [-48.0785403162, -16.844571992], [-48.0784854073, -16.9072459817], [-48.0053907142, -16.9449282173], [-47.9267997398, -17.0223193256], [-47.9624323484, -17.0595884], [-47.992160025, -17.0885572074], [-48.0023057834, -17.1368163989], [-48.0314586806, -17.1859736114], [-48.0539005615, -17.2081801835], [-48.0845951823, -17.2470089157], [-48.1186767834, -17.2738505539], [-48.1650715251, -17.2990065437], [-48.2043538957, -17.2901271454], [-48.1992983427, -17.2549340248], [-48.2231585932, -17.2153415304], [-48.2878469906, -17.166547962], [-48.3632896528, -17.1109945024], [-48.4735423003, -16.9786791823], [-48.45029474, -16.9313170047], [-48.3662147902, -16.91012538], [-48.3026062296, -16.8300876899], [-48.255314242, -16.7726560325], [-48.2454073445, -16.7356158105], [-48.2341584068, -16.7359332481], [-48.2065455156, -16.7335001539], [-48.1734584749, -16.7309621071]]]}}, {"type": "Feature", "properties": {"name": "Ouro Verde de Goiás"}, "geometry": {"type": "Polygon", "coordinates": [[[-49.1658942799, -16.1828645097], [-49.1452477496, -16.2206106635], [-49.1672450254, -16.2564654712], [-49.1842759173, -16.3264371109], [-49.2301359409, -16.3205736143], [-49.2798306815, -16.2716270235], [-49.3127567769, -16.2303005229], [-49.2729110735, -16.2078498044], [-49.2318566686, -16.1987251394], [-49.203856663, -16.172940927], [-49.1776093847, -16.1617725971], [-49.1658942799, -16.1828645097]]]}}, {"type": "Feature", "properties": {"name": "Ouvidor"}, "geometry": {"type": "Polygon", "coordinates": [[[-47.7454054242, -18.127672794], [-47.6908502576, -18.1327056443], [-47.6879294308, -18.1706703023], [-47.6580938544, -18.1753705166], [-47.6529842368, -18.2126905754], [-47.6295680028, -18.2197943264], [-47.6069941001, -18.2464765812], [-47.6141252109, -18.250421458], [-47.6323211733, -18.2911585564], [-47.7713790943, -18.2848042974], [-47.8739320725, -18.2533049667], [-47.8655873054, -18.2185758786], [-47.7963497437, -18.1237975199], [-47.7454054242, -18.127672794]]]}}, {"type": "Feature", "properties": {"name": "Padre Bernardo"}, "geometry": {"type": "Polygon", "coordinates": [[[-48.4082644394, -15.1008716158], [-48.3805457842, -15.0916977107], [-48.3557127726, -15.105321927], [-48.3280066603, -15.1019568072], [-48.2852174817, -15.1118302759], [-48.2544025262, -15.1202790251], [-48.2320225997, -15.1197999738], [-48.1987714293, -15.127083235], [-48.1547700921, -15.1343613888], [-48.1206585252, -15.139444928], [-48.0929033671, -15.1702188047], [-48.0716579201, -15.1993079102], [-48.0307411387, -15.2108147001], [-48.0142940636, -15.2326175299], [-48.0065188959, -15.2470644558], [-47.9956289315, -15.2730028597], [-47.9772994301, -15.2792077844], [-47.9737442193, -15.2937012818], [-47.9660420917, -15.3115288947], [-47.9599941034, -15.3339243405], [-47.9236738423, -15.3607579891], [-47.9523233847, -15.4257131312], [-47.9671548872, -15.4430334842], [-47.9845911477, -15.4452774595], [-48.0095486003, -15.4584973113], [-48.0471000804, -15.4697138848], [-48.0527922296, -15.4997153936], [-48.1993983588, -15.6158781162], [-48.2344625182, -15.6586013813], [-48.2818498958, -15.6355508384], [-48.3289326903, -15.625644763], [-48.3650186706, -15.6233662601], [-48.386295558, -15.6175983154], [-48.3927462387, -15.6427841826], [-48.4525174143, -15.6349363858], [-48.4981609351, -15.613378758], [-48.5406840629, -15.6090586141], [-48.5658532724, -15.5735703054], [-48.5841257427, -15.5445095672], [-48.5919368076, -15.5291251436], [-48.5814796862, -15.484994501], [-48.5541340169, -15.4550178108], [-48.5693012286, -15.444907038], [-48.5615446031, -15.4211131035], [-48.5627116311, -15.3937928436], [-48.5773008322, -15.375996867], [-48.5727977899, -15.357072717], [-48.5804090365, -15.3261122712], [-48.5878577754, -15.3056871486], [-48.5744613561, -15.2794081962], [-48.56696512, -15.2569645822], [-48.5654332223, -15.2416129733], [-48.582969136, -15.2259449973], [-48.5976017277, -15.193626097], [-48.6131889148, -15.1612600817], [-48.5753738583, -15.1706633525], [-48.5560949678, -15.1706523842], [-48.5356853785, -15.1701605866], [-48.511717032, -15.161335286], [-48.4971904269, -15.1411149562], [-48.474854739, -15.109518086], [-48.4239622834, -15.0860500893], [-48.4082644394, -15.1008716158]]]}}, {"type": "Feature", "properties": {"name": "Palestina de Goiás"}, "geometry": {"type": "Polygon", "coordinates": [[[-51.3659159496, -16.4675554138], [-51.34788229, -16.4912220743], [-51.3222235154, -16.5073003332], [-51.3056378022, -16.5184092929], [-51.2926083406, -16.5619274342], [-51.2912976478, -16.5892311612], [-51.2637460442, -16.6124691799], [-51.2595018778, -16.6479077747], [-51.2282441913, -16.6937470486], [-51.2204629667, -16.729508882], [-51.2629709148, -16.7793334288], [-51.3038352262, -16.792066368], [-51.3367802859, -16.799784792], [-51.3673300886, -16.8191012576], [-51.3960578348, -16.8192654574], [-51.4184104281, -16.8430019086], [-51.416771808, -16.8552472339], [-51.4548315895, -16.8638697913], [-51.4782714372, -16.8761654244], [-51.5186318278, -16.8895264912], [-51.5384120441, -16.890694948], [-51.5676368575, -16.8822006209], [-51.609243919, -16.8880831785], [-51.650750734, -16.9002112715], [-51.6633064567, -16.8431190245], [-51.653801734, -16.8218604401], [-51.633781538, -16.7678416599], [-51.601997614, -16.7554546285], [-51.5962860294, -16.7074047272], [-51.6145256094, -16.6833081039], [-51.5684912842, -16.6491161585], [-51.5416883073, -16.6235241022], [-51.5232179109, -16.592515507], [-51.5025240215, -16.5701183112], [-51.5001645973, -16.535092549], [-51.4557207982, -16.528512071], [-51.4214136584, -16.4897109167], [-51.3995833608, -16.4677779768], [-51.3659159496, -16.4675554138]]]}}, {"type": "Feature", "properties": {"name": "Palmeiras de Goiás"}, "geometry": {"type": "Polygon", "coordinates": [[[-49.9632727143, -16.5913493036], [-49.9244602681, -16.6290655723], [-49.8861047464, -16.6397008231], [-49.7342753898, -16.6384552442], [-49.7276249435, -16.6698473695], [-49.7652119251, -16.7333323071], [-49.781378873, -16.7815740306], [-49.7673246766, -16.8241828312], [-49.7324938292, -16.8625105102], [-49.7344621783, -16.898938996], [-49.7258816724, -16.9321808915], [-49.7488520348, -16.9437286068], [-49.7804154412, -16.9062828226], [-49.8224402864, -16.9374996252], [-49.8459419576, -16.9520717296], [-49.9153591978, -16.9545322814], [-49.9497973226, -17.0055450322], [-49.9991981, -17.0623003597], [-50.0424144679, -17.0810480478], [-50.077747967, -17.0614068509], [-50.0430337216, -16.9754419895], [-50.0801030552, -16.921151077], [-50.1165214131, -16.9426325007], [-50.1549707731, -16.9131772961], [-50.1039078076, -16.861761573], [-50.1495225802, -16.6791184891], [-49.9857995139, -16.597911632], [-49.9632727143, -16.5913493036]]]}}, {"type": "Feature", "properties": {"name": "Palmelo"}, "geometry": {"type": "Polygon", "coordinates": [[[-48.3745982449, -17.3644772068], [-48.4378800162, -17.3283567505], [-48.4054023513, -17.2819136203], [-48.3759632485, -17.2661819129], [-48.3664053311, -17.3357619579], [-48.3745982449, -17.3644772068]]]}}, {"type": "Feature", "properties": {"name": "Palminópolis"}, "geometry": {"type": "Polygon", "coordinates": [[[-50.1495225802, -16.6791184891], [-50.1039078076, -16.861761573], [-50.1549707731, -16.9131772961], [-50.1609307785, -16.9363416754], [-50.2430511127, -16.9056998262], [-50.2835745215, -16.8851328165], [-50.2897758771, -16.8609599671], [-50.2953015402, -16.8428396647], [-50.2871029816, -16.8074292447], [-50.2612563376, -16.7759855788], [-50.2359918624, -16.7203587874], [-50.2007701444, -16.6979063735], [-50.1495225802, -16.6791184891]]]}}, {"type": "Feature", "properties": {"name": "Panamá"}, "geometry": {"type": "Polygon", "coordinates": [[[-49.4974915236, -18.0788647012], [-49.4536002136, -18.1019093984], [-49.4136005053, -18.1365581198], [-49.3569619573, -18.1628900373], [-49.316680595, -18.1677050469], [-49.2807134239, -18.1506521691], [-49.2565416556, -18.1701485741], [-49.2481329839, -18.1974868453], [-49.2373811984, -18.2208199655], [-49.2848517728, -18.2275418308], [-49.3636858803, -18.2893043823], [-49.3929394156, -18.3357703348], [-49.4146610511, -18.3262348175], [-49.4462195361, -18.2792391887], [-49.4973889274, -18.2329848116], [-49.5424365353, -18.2117594682], [-49.5260734813, -18.1780763591], [-49.5147428668, -18.1516921042], [-49.5113761519, -18.1161237685], [-49.511772818, -18.0928304295], [-49.4974915236, -18.0788647012]]]}}, {"type": "Feature", "properties": {"name": "Paranaiguara"}, "geometry": {"type": "Polygon", "coordinates": [[[-50.4643850107, -18.6917135986], [-50.4261891087, -18.7208960125], [-50.3518548511, -18.7598405605], [-50.424600337, -18.8364519803], [-50.4849098082, -18.8992526507], [-50.6152033796, -18.9263328707], [-50.6784364045, -18.9384822591], [-50.7665228606, -18.9636784875], [-50.8342128092, -18.9162127597], [-50.8207570215, -18.8596664373], [-50.7837647194, -18.6552085854], [-50.7407318453, -18.687990982], [-50.6936591726, -18.7218494249], [-50.6733032305, -18.7307544235], [-50.6457119369, -18.7567982802], [-50.6190479523, -18.7506451486], [-50.5997420256, -18.7617162335], [-50.5725176335, -18.7467704272], [-50.5878892969, -18.7278738939], [-50.5493508242, -18.6136588527], [-50.5042632275, -18.6529355013], [-50.4643850107, -18.6917135986]]]}}, {"type": "Feature", "properties": {"name": "Paraúna"}, "geometry": {"type": "Polygon", "coordinates": [[[-50.7966610776, -16.7867346801], [-50.6987133117, -16.8111877462], [-50.6407498493, -16.8345334851], [-50.5459092318, -16.8183127486], [-50.5163255762, -16.8105056249], [-50.4438566931, -16.8042849562], [-50.4548541176, -16.8872428407], [-50.3873805251, -16.89463607], [-50.3204657558, -16.8909851318], [-50.2858067479, -16.9313238203], [-50.2816627455, -16.9695595731], [-50.2950783504, -16.9927595727], [-50.2911725386, -17.0398088519], [-50.2995166168, -17.0554988222], [-50.2994113589, -17.0813505027], [-50.2972209503, -17.090383952], [-50.2732422275, -17.1138860391], [-50.2953570437, -17.1317739036], [-50.2709636662, -17.1549947016], [-50.2928588309, -17.186092134], [-50.2479125027, -17.2249609091], [-50.2374969242, -17.254486308], [-50.2538798221, -17.2517628922], [-50.3186919583, -17.2758800938], [-50.3918210851, -17.1885716831], [-50.4669337959, -17.3364596974], [-50.5016890505, -17.3644317808], [-50.5269151323, -17.4288051177], [-50.5545624426, -17.4073941189], [-50.5901908341, -17.3941398383], [-50.6083298086, -17.3757348562], [-50.6401902602, -17.3780326871], [-50.6538791651, -17.3605827378], [-50.6697943374, -17.3496406151], [-50.6940762832, -17.314789234], [-50.7026587612, -17.3067544556], [-50.7241087761, -17.2875581518], [-50.7254376661, -17.2491038554], [-50.7420745791, -17.2357183294], [-50.7687744138, -17.2020374206], [-50.797994051, -17.1798437583], [-50.8318294743, -17.1869909951], [-50.8564136308, -17.1736119151], [-50.8835268606, -17.1600941193], [-50.9038604906, -17.1532253753], [-50.908805562, -17.1366582667], [-50.9182110962, -17.1082639034], [-50.9406858108, -17.0941351741], [-50.961660581, -17.0574719984], [-51.0180238157, -16.9944552433], [-51.0555209809, -16.9356325655], [-51.0555564454, -16.8918027698], [-51.0074925479, -16.8474171203], [-50.9657722675, -16.7906743634], [-50.8966042992, -16.75427311], [-50.8395747537, -16.7063225512], [-50.815417569, -16.6893935203], [-50.8080246593, -16.7286378797], [-50.7966610776, -16.7867346801]]]}}, {"type": "Feature", "properties": {"name": "Perolândia"}, "geometry": {"type": "Polygon", "coordinates": [[[-52.473471666, -17.3218087821], [-52.3737739506, -17.331310934], [-52.3056685509, -17.3427441329], [-52.2890697288, -17.3622508364], [-52.2786106387, -17.3820310264], [-52.2483155021, -17.400096511], [-52.2296364933, -17.3928651226], [-52.2112261775, -17.4057630195], [-52.1996682468, -17.430950065], [-52.1716351038, -17.4382273623], [-52.1317200494, -17.4165869238], [-52.1077117458, -17.4113915239], [-52.0986653297, -17.4308883488], [-52.0708297921, -17.4363467534], [-52.0640783059, -17.452593522], [-52.0589953333, -17.4694080216], [-52.0366205268, -17.476144246], [-52.00749688, -17.5013490336], [-52.0029173273, -17.5429355488], [-51.9984140572, -17.5746516726], [-51.9925196466, -17.6238414594], [-52.007305862, -17.6417269057], [-52.039916182, -17.6336006068], [-52.0755762315, -17.6456577197], [-52.1457778607, -17.6374938498], [-52.2271653501, -17.6398884339], [-52.3013822905, -17.5688239241], [-52.3630837119, -17.5237727109], [-52.3657232683, -17.4718724817], [-52.3673643717, -17.4219598665], [-52.4058076291, -17.4185323029], [-52.4517746204, -17.4164194498], [-52.49716038, -17.3932709207], [-52.5048055535, -17.3430992581], [-52.473471666, -17.3218087821]]]}}, {"type": "Feature", "properties": {"name": "Petrolina de Goiás"}, "geometry": {"type": "Polygon", "coordinates": [[[-49.3754620159, -15.9912771405], [-49.2923021313, -16.0067865958], [-49.2637431422, -16.0196052661], [-49.2502950906, -16.0431593704], [-49.2195166067, -16.0806192942], [-49.154682121, -16.0262017475], [-49.1452153645, -16.0569592015], [-49.157575649, -16.1030529564], [-49.1881302212, -16.1398173604], [-49.203856663, -16.172940927], [-49.2318566686, -16.1987251394], [-49.2729110735, -16.2078498044], [-49.3127567769, -16.2303005229], [-49.3476844036, -16.2038167005], [-49.3942729291, -16.1892391337], [-49.4278559494, -16.166824726], [-49.4439352478, -16.1104344943], [-49.4332875012, -16.0573632084], [-49.3984610729, -16.0030134055], [-49.3754620159, -15.9912771405]]]}}, {"type": "Feature", "properties": {"name": "Pilar de Goiás"}, "geometry": {"type": "Polygon", "coordinates": [[[-49.5599362362, -14.1998972749], [-49.5219183511, -14.2126037086], [-49.5027442, -14.2290562829], [-49.4817735726, -14.2488986326], [-49.479520947, -14.2769533807], [-49.4594696666, -14.2916692042], [-49.4439367717, -14.2713095026], [-49.4221600487, -14.2742380039], [-49.4259340449, -14.299076392], [-49.4118530698, -14.3380404781], [-49.4063816536, -14.3684990543], [-49.4154953615, -14.3925972825], [-49.4072169794, -14.4167681706], [-49.3551955507, -14.5048993726], [-49.3935664868, -14.5346475076], [-49.4503048015, -14.5764938447], [-49.4345264537, -14.6191328505], [-49.4606863283, -14.6605027863], [-49.5102967031, -14.7000232597], [-49.524635359, -14.7587750084], [-49.5092506227, -14.7811464071], [-49.4613531954, -14.8011610392], [-49.4277117933, -14.8178492268], [-49.4441639961, -14.8610941677], [-49.4741872677, -14.8523926598], [-49.5356648424, -14.8197722384], [-49.5864438797, -14.8070359569], [-49.6388561783, -14.8191213393], [-49.6626654847, -14.7217141637], [-49.7007498888, -14.6421513382], [-49.7351759212, -14.605194637], [-49.6896899333, -14.5957484721], [-49.6371931437, -14.632712537], [-49.6055216605, -14.6654123077], [-49.5663621117, -14.6443618335], [-49.5559670711, -14.5827287903], [-49.5472454896, -14.5541754649], [-49.5423295401, -14.5345949227], [-49.5482757169, -14.4985767777], [-49.5224382594, -14.4748487201], [-49.4731416216, -14.4620483559], [-49.5599362362, -14.1998972749]]]}}, {"type": "Feature", "properties": {"name": "Piracanjuba"}, "geometry": {"type": "Polygon", "coordinates": [[[-48.8792668526, -17.0161708683], [-48.8385159993, -17.0912837882], [-48.8189054244, -17.1320775225], [-48.8013312776, -17.1814913115], [-48.7967684585, -17.2449963038], [-48.8018271843, -17.3117703375], [-48.7936886806, -17.3533845803], [-48.7860427129, -17.437225438], [-48.7370161706, -17.4838076232], [-48.6967702351, -17.5248102603], [-48.7615485417, -17.569389467], [-48.819612824, -17.5645173121], [-48.9018564342, -17.5295118263], [-48.9128258707, -17.5567129796], [-48.9265114697, -17.5834109435], [-48.9486010694, -17.5791443563], [-48.9817429534, -17.5672133937], [-49.0638050949, -17.5349804168], [-49.0979060753, -17.5448368004], [-49.1323246955, -17.5297456255], [-49.2131616546, -17.5165151129], [-49.2455464966, -17.5086159212], [-49.2882148413, -17.4930244462], [-49.2619376858, -17.4722538338], [-49.2298900701, -17.445145461], [-49.2468190145, -17.3440893405], [-49.1962409893, -17.3337957153], [-49.1940485812, -17.323282489], [-49.1811576784, -17.3001876201], [-49.1781307432, -17.2825273304], [-49.1784090475, -17.2479836718], [-49.2085843362, -17.1895910685], [-49.2161258948, -17.1013307823], [-49.1825198619, -17.1329091209], [-49.1285812753, -17.1310988377], [-49.1195791603, -17.1069079547], [-49.1073264568, -17.0783447054], [-49.05088456, -17.052333502], [-48.982096368, -17.0920189736], [-48.9386048459, -17.0543854795], [-48.9163840758, -17.0207215752], [-48.8792668526, -17.0161708683]]]}}, {"type": "Feature", "properties": {"name": "Piranhas"}, "geometry": {"type": "Polygon", "coordinates": [[[-51.8284175944, -16.0817228508], [-51.7983579585, -16.0942226803], [-51.7676970084, -16.1661189786], [-51.7417531871, -16.1945901536], [-51.728439175, -16.2242880806], [-51.6929934979, -16.2350612458], [-51.675411284, -16.2609776833], [-51.6728566266, -16.3253096826], [-51.6488877669, -16.3651511519], [-51.6309676958, -16.3904211755], [-51.6642429748, -16.4300440399], [-51.6543815309, -16.4629748743], [-51.6384648645, -16.4936007398], [-51.6156325305, -16.5337589786], [-51.5687499568, -16.5510788183], [-51.6321044188, -16.5948648766], [-51.6736320911, -16.6076237567], [-51.674385803, -16.6364675869], [-51.7174698495, -16.6335329561], [-51.7486329199, -16.5994465239], [-51.8214467422, -16.6288768894], [-51.8876128094, -16.6457437095], [-51.927139541, -16.6399476122], [-51.9540545936, -16.6325730859], [-51.9878932286, -16.6010827407], [-52.0155295924, -16.568371595], [-52.0238620456, -16.5459887691], [-52.0527990179, -16.5050923957], [-52.0976925966, -16.472885055], [-52.1444694996, -16.453894914], [-52.1127500725, -16.4188720316], [-52.0441907764, -16.3650620815], [-52.0059122641, -16.3073123118], [-51.9885586723, -16.2959295279], [-51.9642751581, -16.2877665151], [-51.9610277977, -16.2606483441], [-51.9171069478, -16.2424265479], [-51.9033907249, -16.2295833256], [-51.8899675351, -16.209491913], [-51.8895008405, -16.1707037602], [-51.9036666693, -16.1308856103], [-51.8719222518, -16.1050931519], [-51.8477186992, -16.0859457263], [-51.8284175944, -16.0817228508]]]}}, {"type": "Feature", "properties": {"name": "Pirenópolis"}, "geometry": {"type": "Polygon", "coordinates": [[[-49.0652133355, -15.5096997214], [-49.018545905, -15.5700478822], [-48.9956880889, -15.5385463945], [-48.9349119975, -15.5116713245], [-48.8674335834, -15.5129007622], [-48.8201835517, -15.5102900439], [-48.8061643319, -15.5454707741], [-48.8264668617, -15.6192923974], [-48.8099349464, -15.6685164763], [-48.8313559558, -15.703686335], [-48.8159928288, -15.7490114334], [-48.8406402933, -15.8035054707], [-48.8557484827, -15.8422874775], [-48.8967173061, -15.8781381426], [-48.8879654595, -15.958100764], [-48.9104641903, -15.9912079587], [-48.9022140692, -16.0539926481], [-48.9806054221, -16.1249065428], [-49.0231066966, -16.135053164], [-49.0708729328, -16.1356092431], [-49.1225619436, -16.132364968], [-49.1602402194, -16.1118350403], [-49.1479910243, -16.0738798513], [-49.1486711366, -16.0319196358], [-49.1375145785, -15.9938721086], [-49.1803225618, -15.9583344845], [-49.1795758134, -15.9325928364], [-49.1997104903, -15.9008953109], [-49.2047706447, -15.8739182765], [-49.1841977164, -15.770155665], [-49.1443795223, -15.6236291871], [-49.160047216, -15.6221406581], [-49.1843503057, -15.5979625128], [-49.0885810637, -15.538193073], [-49.0745211807, -15.5134290068], [-49.0652133355, -15.5096997214]]]}}, {"type": "Feature", "properties": {"name": "Pires do Rio"}, "geometry": {"type": "Polygon", "coordinates": [[[-48.3465727708, -17.1243408396], [-48.2656208003, -17.1835141856], [-48.2215185747, -17.2347261687], [-48.1962932419, -17.26639042], [-48.2055445225, -17.2998858889], [-48.2399674092, -17.3270059053], [-48.2539427515, -17.363342374], [-48.2651864206, -17.3934994507], [-48.2852673173, -17.4315707229], [-48.3193500812, -17.4513599548], [-48.3647674418, -17.4641299566], [-48.3640765984, -17.5129447463], [-48.3744723977, -17.5435152567], [-48.4102763936, -17.5753787272], [-48.4208605317, -17.5929046139], [-48.4549323945, -17.5969009343], [-48.4960968704, -17.5740860048], [-48.4590707148, -17.5131620043], [-48.4451541091, -17.4367763132], [-48.3664053311, -17.3357619579], [-48.3759632485, -17.2661819129], [-48.4551304726, -17.2004937898], [-48.6068514596, -17.2151913338], [-48.5902950356, -17.1804292305], [-48.5706038651, -17.1333279444], [-48.5594954424, -17.0980775638], [-48.4983007637, -17.0227520303], [-48.3962341699, -17.0826947421], [-48.3465727708, -17.1243408396]]]}}, {"type": "Feature", "properties": {"name": "Planaltina"}, "geometry": {"type": "Polygon", "coordinates": [[[-47.7204914119, -15.0173047685], [-47.6795212295, -15.0387860214], [-47.5577666208, -15.0881394542], [-47.5230189917, -15.2164393889], [-47.5368737526, -15.2809754234], [-47.4873295056, -15.2994564745], [-47.4664599879, -15.3762397861], [-47.4899668251, -15.4842905653], [-47.6204928114, -15.5000407176], [-47.9786162901, -15.4998303954], [-48.0492429107, -15.4827595293], [-48.0241315889, -15.4644533689], [-47.9870514413, -15.4441017109], [-47.9741541986, -15.4423854213], [-47.9545227291, -15.4405417308], [-47.9403001277, -15.3911629892], [-47.9534632254, -15.3342880713], [-47.9665719059, -15.3167507296], [-47.9731826592, -15.2983722275], [-47.9724327439, -15.2868835952], [-47.9895718216, -15.2786624708], [-47.994462479, -15.2590482182], [-48.0104302577, -15.2434517465], [-48.0157726025, -15.2097262201], [-48.0598008369, -15.2001301677], [-48.0874124955, -15.1859109105], [-48.1078864194, -15.1462736592], [-48.0726355217, -15.1494392881], [-48.0470745557, -15.1328679959], [-48.016917406, -15.1270903382], [-47.9957718508, -15.1194887017], [-47.9660479821, -15.1020164024], [-47.9536920893, -15.0948250566], [-47.9358867705, -15.0861320043], [-47.9289974978, -15.0744249602], [-47.9130758531, -15.0884822121], [-47.8998279054, -15.085132939], [-47.8688047889, -15.0929418616], [-47.8540789791, -15.098445646], [-47.8206637989, -15.0930501953], [-47.7826111646, -15.0743289285], [-47.7468253358, -15.0408604463], [-47.724797063, -15.02880231], [-47.7204914119, -15.0173047685]]]}}, {"type": "Feature", "properties": {"name": "Pontalina"}, "geometry": {"type": "Polygon", "coordinates": [[[-49.6029639939, -17.2955213302], [-49.5712687104, -17.316270409], [-49.5485428446, -17.3288461893], [-49.5150785518, -17.3529514837], [-49.4605752041, -17.3305268919], [-49.3280041406, -17.4765348253], [-49.3009324183, -17.5264842459], [-49.303188703, -17.5556080455], [-49.3283051966, -17.5901367267], [-49.3535771799, -17.5953452131], [-49.4047155079, -17.6281509243], [-49.4386033686, -17.6373882548], [-49.5116860274, -17.6682596325], [-49.5096712306, -17.749116834], [-49.5361263683, -17.6672941743], [-49.5462160309, -17.7151229214], [-49.5988856732, -17.7573919131], [-49.6576268895, -17.7034299784], [-49.7446722726, -17.6407094703], [-49.7918001141, -17.6073024439], [-49.7911000318, -17.5834500621], [-49.7519932244, -17.580712725], [-49.7286072574, -17.5570053076], [-49.7080184987, -17.5559211236], [-49.6862429298, -17.5413217706], [-49.6680752027, -17.5189317693], [-49.667096904, -17.4914333839], [-49.6300137294, -17.478634689], [-49.6490764982, -17.4571188793], [-49.6387632715, -17.4367376018], [-49.6240199496, -17.4178367191], [-49.6311875015, -17.3982891685], [-49.6462719693, -17.3814714876], [-49.6409037886, -17.3609091671], [-49.6504118467, -17.3313133157], [-49.6383245064, -17.3023811776], [-49.6029639939, -17.2955213302]]]}}, {"type": "Feature", "properties": {"name": "Porangatu"}, "geometry": {"type": "Polygon", "coordinates": [[[-49.0734419417, -12.869130259], [-49.0821447649, -12.8920625909], [-49.0331119982, -12.9030293664], [-48.9797667344, -12.9478029369], [-48.8688286927, -12.8594201873], [-48.8604942226, -12.9028832918], [-48.8323327937, -12.9185267718], [-48.8192443022, -12.9483667097], [-48.8487223519, -12.9854901776], [-48.8707155458, -13.0018007816], [-48.8742410741, -13.0298207721], [-48.8951740554, -13.0673004426], [-48.8758252205, -13.1025999451], [-48.8801914778, -13.1308875709], [-48.9160109474, -13.1467403753], [-48.8964627231, -13.1793712309], [-48.874804311, -13.1972780048], [-48.8868599413, -13.2518034783], [-48.8983893535, -13.2742548181], [-48.9261587592, -13.3031373501], [-48.9529136625, -13.3292048687], [-48.9614496399, -13.361146042], [-48.9850217711, -13.3903814113], [-49.000971969, -13.4214252547], [-49.0046954843, -13.4373817276], [-49.0146589152, -13.4878014975], [-49.0320578361, -13.5156945698], [-49.0670500969, -13.5289643798], [-49.0840521989, -13.5486661137], [-49.1117718239, -13.5559189165], [-49.1547768117, -13.5773430524], [-49.2139986892, -13.5808054091], [-49.2458812967, -13.5859844241], [-49.3004762183, -13.5625923147], [-49.3631115412, -13.5683738662], [-49.3364710209, -13.7102843504], [-49.3898558721, -13.7001160453], [-49.4351903409, -13.663646598], [-49.4731220807, -13.6838358658], [-49.5142731676, -13.7072108723], [-49.5251469398, -13.7179744236], [-49.5447748594, -13.7312328144], [-49.5489423408, -13.7583243691], [-49.5699961609, -13.7698463524], [-49.5921379235, -13.7644109634], [-49.5970741457, -13.7391575869], [-49.6281086431, -13.7488203406], [-49.6519366933, -13.7244374404], [-49.6802998859, -13.7303269369], [-49.6956875201, -13.7505289335], [-49.7131109102, -13.7358389654], [-49.7014930142, -13.7047318777], [-49.6543320999, -13.6590772862], [-49.6214456445, -13.6037052813], [-49.5564068162, -13.5483241785], [-49.5478935073, -13.5143550876], [-49.5680796151, -13.4773025844], [-49.6187846127, -13.4309226658], [-49.6384947685, -13.370126295], [-49.631129948, -13.3556112581], [-49.6047533369, -13.3217070594], [-49.584164339, -13.2925838129], [-49.5308044553, -13.2801427035], [-49.4670347489, -13.2482855231], [-49.385726157, -13.2741894933], [-49.3484969439, -13.2134873486], [-49.3522779738, -13.1435608183], [-49.3370215279, -13.0658620726], [-49.2752739187, -12.9802739407], [-49.2573792652, -12.9413680819], [-49.2349107099, -12.8932183823], [-49.2106028926, -12.8779302683], [-49.1509256262, -12.8209100378], [-49.1057762617, -12.8356757049], [-49.0701489691, -12.859177682], [-49.0734419417, -12.869130259]]]}}, {"type": "Feature", "properties": {"name": "Porteirão"}, "geometry": {"type": "Polygon", "coordinates": [[[-50.2082750904, -17.7706234242], [-50.1799956933, -17.7786799822], [-50.1319120644, -17.7981745984], [-50.109359765, -17.784606026], [-50.0802962844, -17.7970060968], [-50.0332654877, -17.825755783], [-50.0001046663, -17.8614573913], [-49.9714628709, -17.8974345546], [-50.0379890673, -17.9466100272], [-50.0751944334, -17.9585133287], [-50.1302683382, -17.9981173838], [-50.1438855321, -18.0248111733], [-50.1513838168, -18.0500060492], [-50.187185219, -18.0599475247], [-50.2069118155, -17.9998779012], [-50.2458524725, -17.981027962], [-50.292437038, -17.9742116063], [-50.2909957296, -17.9102403245], [-50.264914341, -17.907134886], [-50.2324399063, -17.8674661576], [-50.2428280774, -17.8411829062], [-50.2698542242, -17.7953902918], [-50.2180536462, -17.7743313205], [-50.2082750904, -17.7706234242]]]}}, {"type": "Feature", "properties": {"name": "Portelândia"}, "geometry": {"type": "Polygon", "coordinates": [[[-52.6838349484, -17.2002728062], [-52.6491492736, -17.239509497], [-52.6375292578, -17.2588027248], [-52.6328352373, -17.2906068033], [-52.6117552429, -17.3259273546], [-52.5635879719, -17.3321748777], [-52.5472043882, -17.3885032291], [-52.6043022926, -17.4219705476], [-52.6190309625, -17.4486067434], [-52.6350031863, -17.4629173413], [-52.6509442597, -17.4440621822], [-52.6771559848, -17.4495921651], [-52.7892810319, -17.4250866689], [-52.8902243751, -17.4681019504], [-52.861448019, -17.3975704702], [-52.8035551784, -17.3403668302], [-52.8106118388, -17.3052097], [-52.7603070243, -17.2577246283], [-52.7265539213, -17.2200268508], [-52.7127748395, -17.2161242868], [-52.6838349484, -17.2002728062]]]}}, {"type": "Feature", "properties": {"name": "Posse"}, "geometry": {"type": "Polygon", "coordinates": [[[-46.3293199517, -14.020483157], [-46.285209361, -14.0523051617], [-46.2323309313, -14.0560783064], [-46.2653565938, -14.0975198202], [-46.1974361429, -14.1260872749], [-46.1177162757, -14.1599229194], [-46.0909607946, -14.205239056], [-46.0862312827, -14.2232026861], [-46.1337658784, -14.2473882731], [-46.1889627403, -14.2871254006], [-46.2090022277, -14.3070600529], [-46.2817180809, -14.3718855964], [-46.3636576307, -14.382457607], [-46.4211012106, -14.4165077925], [-46.4470881645, -14.386799762], [-46.4985796782, -14.3865606408], [-46.5619588637, -14.3653737053], [-46.6060823896, -14.3814087768], [-46.679911079, -14.3857564725], [-46.7258484564, -14.3920720358], [-46.7466551113, -14.3722623615], [-46.7593769559, -14.3894049425], [-46.8124890716, -14.3645592072], [-46.7854998427, -14.3571559104], [-46.7719179942, -14.303720605], [-46.7371324141, -14.2626291909], [-46.7275478181, -14.2168767126], [-46.6962956982, -14.1616918811], [-46.6488857042, -14.1418537623], [-46.5925245066, -14.1239877875], [-46.5339852257, -14.1231618879], [-46.4868274636, -14.1345223756], [-46.4166302957, -14.0461199505], [-46.3293199517, -14.020483157]]]}}, {"type": "Feature", "properties": {"name": "Professor Jamil"}, "geometry": {"type": "Polygon", "coordinates": [[[-49.21177053, -17.1194834916], [-49.1850205478, -17.2150648896], [-49.1688785767, -17.2690351499], [-49.1837995201, -17.2941696327], [-49.1909378251, -17.3148654208], [-49.2004063196, -17.3295248291], [-49.2244619887, -17.352361131], [-49.2230453292, -17.3974613318], [-49.2388246494, -17.4542865031], [-49.2797961116, -17.4656295216], [-49.3047340876, -17.4317555248], [-49.2985205801, -17.4005530589], [-49.2964131022, -17.3799957566], [-49.2938224452, -17.3664003543], [-49.2885764131, -17.33752232], [-49.3052685427, -17.3124134519], [-49.2924935192, -17.2894885964], [-49.2756942624, -17.2566282823], [-49.2644390441, -17.2309465798], [-49.2565223036, -17.199565131], [-49.2844326355, -17.1565600166], [-49.3146288295, -17.1367512416], [-49.2826627495, -17.1072392635], [-49.21177053, -17.1194834916]]]}}, {"type": "Feature", "properties": {"name": "Quirinópolis"}, "geometry": {"type": "Polygon", "coordinates": [[[-50.5604623037, -18.1707971078], [-50.5146583456, -18.1875521462], [-50.4665000108, -18.2245901876], [-50.3766011784, -18.2422993422], [-50.301489309, -18.1981370211], [-50.2370197953, -18.1468981472], [-50.2026356814, -18.1367830401], [-50.1542379113, -18.1766069795], [-50.1183255233, -18.1787287395], [-50.0979504339, -18.2457748783], [-50.1172738528, -18.3118989478], [-50.1472389042, -18.3365591159], [-50.2352113291, -18.3601234249], [-50.2999775261, -18.3846450678], [-50.280929544, -18.4659034325], [-50.2678702476, -18.5181756127], [-50.2693185917, -18.5650684281], [-50.2632043335, -18.5911245705], [-50.248626216, -18.6145146669], [-50.2505452528, -18.6493541464], [-50.2892714764, -18.6891997764], [-50.3916305691, -18.7481714669], [-50.4267099622, -18.7081232749], [-50.488308265, -18.6797415098], [-50.522904621, -18.637511944], [-50.586104144, -18.6786687116], [-50.5784921985, -18.7378780056], [-50.5668133893, -18.7698634976], [-50.6025146612, -18.7571267397], [-50.631720682, -18.7442071578], [-50.6509383864, -18.7461818165], [-50.6805222568, -18.7297401347], [-50.7225536095, -18.6998795474], [-50.7581048339, -18.6826017785], [-50.7913558518, -18.6448299455], [-50.8326067093, -18.6440920296], [-50.8501026799, -18.6248804663], [-50.8635762848, -18.6039070547], [-50.9233838949, -18.5627122453], [-50.9525186859, -18.5044312326], [-50.8574899809, -18.452749934], [-50.7530516325, -18.4177916256], [-50.7739689272, -18.3737854663], [-50.829102469, -18.3517240941], [-50.847912247, -18.3255603548], [-50.806712881, -18.2395446384], [-50.8213805221, -18.1851218016], [-50.7617389629, -18.1859784127], [-50.7039451779, -18.1836432562], [-50.6633488874, -18.1911871431], [-50.6189413432, -18.1716365146], [-50.5842426894, -18.1375140565], [-50.5604623037, -18.1707971078]]]}}, {"type": "Feature", "properties": {"name": "Rialma"}, "geometry": {"type": "Polygon", "coordinates": [[[-49.5190595097, -15.1738597821], [-49.5098349374, -15.2080781156], [-49.4975203574, -15.2507609262], [-49.5127712355, -15.2906146216], [-49.4837417776, -15.3250400845], [-49.4553523587, -15.3803972942], [-49.4774921085, -15.4344380261], [-49.5249295679, -15.4495841533], [-49.5579639204, -15.460072525], [-49.5848020197, -15.4466346594], [-49.5963901261, -15.4067339848], [-49.5917580909, -15.3535596213], [-49.587912328, -15.3088266533], [-49.5554938803, -15.2775013845], [-49.5482670066, -15.2055048783], [-49.5255499236, -15.1731816607], [-49.5190595097, -15.1738597821]]]}}, {"type": "Feature", "properties": {"name": "Rianápolis"}, "geometry": {"type": "Polygon", "coordinates": [[[-49.4250809735, -15.4290319705], [-49.3513529453, -15.4501060757], [-49.3449079101, -15.4695280801], [-49.3869404621, -15.5020568086], [-49.4549702246, -15.5322584164], [-49.5027686282, -15.5019392563], [-49.5214676376, -15.4902389275], [-49.5356058102, -15.4743986302], [-49.5391049526, -15.4472289044], [-49.4825517123, -15.4327480885], [-49.4250809735, -15.4290319705]]]}}, {"type": "Feature", "properties": {"name": "Rio Quente"}, "geometry": {"type": "Polygon", "coordinates": [[[-48.7344006058, -17.7132725418], [-48.7411687216, -17.7580335822], [-48.7319129575, -17.8340420015], [-48.756271372, -17.9264966626], [-48.7884621599, -17.9260002131], [-48.8465938187, -17.8894533144], [-48.8391599214, -17.8727910668], [-48.8491538774, -17.8555110674], [-48.8151283575, -17.8122958706], [-48.8221824864, -17.7977570342], [-48.8402662457, -17.7581847241], [-48.8085200054, -17.7257584705], [-48.7344006058, -17.7132725418]]]}}, {"type": "Feature", "properties": {"name": "Rio Verde"}, "geometry": {"type": "Polygon", "coordinates": [[[-50.947244443, -17.0901175724], [-50.9254921785, -17.1061524721], [-50.9048824131, -17.1344486263], [-50.9017402356, -17.1489593873], [-50.8843276678, -17.1560471621], [-50.867784353, -17.1722993962], [-50.8362166206, -17.1837027187], [-50.8028502244, -17.188194816], [-50.7656895028, -17.1983604523], [-50.7455727349, -17.2303624953], [-50.7186621971, -17.2519902341], [-50.7261841339, -17.27392958], [-50.7057435886, -17.3052215076], [-50.6980342718, -17.3122105891], [-50.6811048561, -17.33663477], [-50.655358147, -17.3472265407], [-50.6477980761, -17.3773807295], [-50.6166032807, -17.3761446914], [-50.6533527286, -17.4083444067], [-50.6693304105, -17.4798699043], [-50.7010507102, -17.4981015242], [-50.7498291878, -17.541525293], [-50.7543764699, -17.5748358994], [-50.7093855291, -17.6458843051], [-50.7531030484, -17.7201001076], [-50.7853057451, -17.7778512362], [-50.7539677947, -17.8070489188], [-50.7106636777, -17.8400282299], [-50.6695427509, -17.8560151525], [-50.6537970303, -17.8844405366], [-50.6784711391, -17.9721990162], [-50.6250517695, -17.9792813035], [-50.5255493912, -17.9500729594], [-50.467156865, -17.9514128606], [-50.5069351834, -18.0179446296], [-50.4265473471, -18.0868168925], [-50.418212098, -18.1241422111], [-50.3583814427, -18.156713206], [-50.3695519468, -18.1734173785], [-50.39588197, -18.1859651511], [-50.4211037446, -18.1860129476], [-50.4362153608, -18.1886569005], [-50.4717942888, -18.1766473903], [-50.5293022553, -18.155569904], [-50.5921922112, -18.140244927], [-50.6237728431, -18.1769902482], [-50.6759672956, -18.1898465976], [-50.7081051121, -18.1860946947], [-50.7756029425, -18.1753906831], [-50.8225788063, -18.2018812208], [-50.8200744916, -18.2714607701], [-50.9400225249, -18.3137290891], [-50.9788022261, -18.2818367811], [-50.9806099065, -18.3248692375], [-51.0855768314, -18.3426114535], [-51.1261657577, -18.3291281951], [-51.1321641501, -18.2831329069], [-51.1341873416, -18.2577443946], [-51.1318303958, -18.2418592612], [-51.1147467563, -18.1997408234], [-51.1325875778, -18.1630460157], [-51.1439634509, -18.1414143496], [-51.1637475677, -18.1095112285], [-51.1665813241, -18.0867145374], [-51.171520086, -18.0621189057], [-51.1890743022, -18.0334172745], [-51.2144370626, -17.9955014348], [-51.2118854632, -17.9768769262], [-51.2246910022, -17.9592332474], [-51.2327171206, -17.9440641076], [-51.2418580364, -17.9080066081], [-51.2347961151, -17.8976605244], [-51.254382741, -17.8841086058], [-51.2930552509, -17.8642105064], [-51.3462202728, -17.8742014505], [-51.3679325557, -17.8684102135], [-51.4068586205, -17.8489433379], [-51.417635529, -17.8331243161], [-51.4305482848, -17.8274814959], [-51.4536632496, -17.8040125584], [-51.4540460995, -17.7830737419], [-51.4757417173, -17.760601052], [-51.4933871866, -17.7505243782], [-51.514159102, -17.7362259503], [-51.5369558167, -17.7334335502], [-51.5529169252, -17.7270151405], [-51.576460733, -17.6966186001], [-51.6161108984, -17.6760818985], [-51.629326311, -17.6385888136], [-51.610443927, -17.6107841716], [-51.6583062022, -17.5721226822], [-51.6929356047, -17.5356785327], [-51.6943275128, -17.50005383], [-51.7244385436, -17.4579943556], [-51.7175749817, -17.3617820219], [-51.6748737924, -17.2787665408], [-51.6143589596, -17.3081080015], [-51.5616394061, -17.3287895365], [-51.5087158896, -17.3854201763], [-51.4486872628, -17.4310802331], [-51.342454289, -17.5078121147], [-51.240526091, -17.5323485093], [-51.130690217, -17.520618493], [-51.0530488969, -17.5203858719], [-51.0087220784, -17.4798439309], [-50.9783000343, -17.3943638567], [-50.972465761, -17.3198974477], [-51.0002710265, -17.3144829665], [-51.0185182449, -17.323940173], [-51.0441360815, -17.2869972979], [-51.0856352965, -17.290042338], [-51.1181292173, -17.2501965283], [-51.0313275173, -17.1774032815], [-50.9988541144, -17.1180007704], [-50.947244443, -17.0901175724]]]}}, {"type": "Feature", "properties": {"name": "Rubiataba"}, "geometry": {"type": "Polygon", "coordinates": [[[-49.6956372357, -15.0627794013], [-49.66688284, -15.0678570814], [-49.7733547799, -15.235163092], [-49.7485234516, -15.2699601131], [-49.7920281038, -15.2826158119], [-49.8472969368, -15.3209990991], [-49.9103520758, -15.3017584689], [-49.9133219284, -15.2476374344], [-49.9591659095, -15.2562545806], [-50.0343698142, -15.2376285293], [-50.0664020567, -15.2284746827], [-50.0514659219, -15.1646873035], [-50.0544361226, -15.1239801684], [-50.023689306, -15.0996875962], [-49.952025293, -15.0834316753], [-49.8942973354, -15.0825677238], [-49.8731082741, -15.0842658021], [-49.8326658031, -15.0820937203], [-49.7917179696, -15.0832241912], [-49.7467781437, -15.0797446859], [-49.7044962225, -15.0621625262], [-49.6956372357, -15.0627794013]]]}}, {"type": "Feature", "properties": {"name": "Sanclerlândia"}, "geometry": {"type": "Polygon", "coordinates": [[[-50.3694936418, -16.141925047], [-50.3351035993, -16.1469208222], [-50.2815814439, -16.1571728647], [-50.2476862297, -16.2000144717], [-50.209158174, -16.2751479928], [-50.2212474179, -16.3156934213], [-50.245773369, -16.3212714421], [-50.3376385835, -16.3081608967], [-50.3628507065, -16.2902431314], [-50.4311641055, -16.3119139132], [-50.4437441571, -16.3326691679], [-50.4401595904, -16.3640874007], [-50.4626863682, -16.380390804], [-50.4767474322, -16.4110123541], [-50.4739706912, -16.4315828261], [-50.4948810574, -16.4738158644], [-50.5009993267, -16.4978772243], [-50.5319369212, -16.4900604721], [-50.5337440913, -16.4590063564], [-50.5347271095, -16.4375753571], [-50.5408018698, -16.415379052], [-50.5358837911, -16.3915500935], [-50.5172980452, -16.3870293316], [-50.4988612652, -16.3562360415], [-50.483163811, -16.3279687635], [-50.4723160683, -16.2701419059], [-50.4619095192, -16.2424606365], [-50.4293812975, -16.2258288387], [-50.399935164, -16.201038392], [-50.3905551419, -16.1654769333], [-50.3751933106, -16.1530386337], [-50.3694936418, -16.141925047]]]}}, {"type": "Feature", "properties": {"name": "Santa Bárbara de Goiás"}, "geometry": {"type": "Polygon", "coordinates": [[[-49.6954063062, -16.5214833472], [-49.6507424918, -16.5481183017], [-49.5949263623, -16.5435030008], [-49.6377266853, -16.6039185213], [-49.6694147595, -16.6715086381], [-49.7185485236, -16.6729058964], [-49.7300493788, -16.6375941583], [-49.7380220315, -16.6076629617], [-49.7281616322, -16.5704601985], [-49.6954063062, -16.5214833472]]]}}, {"type": "Feature", "properties": {"name": "Santa Cruz de Goiás"}, "geometry": {"type": "Polygon", "coordinates": [[[-48.4140777062, -17.3421603109], [-48.4414888508, -17.4956414577], [-48.5022718971, -17.5732632858], [-48.5081253582, -17.5193990883], [-48.498350337, -17.4946171281], [-48.5466321381, -17.4818088167], [-48.6143819584, -17.4757980614], [-48.7194052148, -17.4928322693], [-48.7741328237, -17.4565705306], [-48.7948828602, -17.3689876107], [-48.6995907578, -17.2372486527], [-48.5121177326, -17.2084741481], [-48.4039604682, -17.238490567], [-48.4229019609, -17.3189947108], [-48.4304842031, -17.3393206473], [-48.4140777062, -17.3421603109]]]}}, {"type": "Feature", "properties": {"name": "Santa Fé de Goiás"}, "geometry": {"type": "Polygon", "coordinates": [[[-51.1227990419, -15.4184367937], [-51.1173055766, -15.4452220574], [-51.0812687873, -15.4845120687], [-51.0694144354, -15.5009110964], [-51.0586346885, -15.5224317918], [-51.0534443723, -15.5458984014], [-51.0414158294, -15.569642204], [-51.0364163347, -15.5962859945], [-51.0231882223, -15.614658993], [-51.0187166857, -15.6388627106], [-51.016110248, -15.6782723052], [-50.9977150304, -15.7144839446], [-51.0317467431, -15.792075232], [-51.0552730978, -15.8245948112], [-51.0562997251, -15.879241828], [-51.1292908273, -15.8910233975], [-51.1308008293, -15.8523222248], [-51.1803652654, -15.8000355337], [-51.2759979433, -15.787786637], [-51.35650085, -15.7257622463], [-51.4046361549, -15.6841277115], [-51.4090776251, -15.6128259176], [-51.3816597654, -15.6040328514], [-51.2431039205, -15.5410167749], [-51.2007751863, -15.4682458665], [-51.1415830407, -15.4181815867], [-51.1227990419, -15.4184367937]]]}}, {"type": "Feature", "properties": {"name": "Santa Helena de Goiás"}, "geometry": {"type": "Polygon", "coordinates": [[[-50.5464407907, -17.6039889049], [-50.479438169, -17.6497803795], [-50.4551617072, -17.7043477123], [-50.4157125255, -17.7000955941], [-50.4236585802, -17.7315089926], [-50.4400246103, -17.7537007399], [-50.4061840678, -17.8296022381], [-50.411967538, -17.8939851087], [-50.3694579236, -17.8933060239], [-50.363133747, -17.9155683726], [-50.371412448, -17.9327890961], [-50.4201315984, -17.9465282043], [-50.4799335681, -17.950198378], [-50.5358015389, -17.9607388775], [-50.6274400346, -17.9753971903], [-50.6839939955, -17.9738172808], [-50.6412721564, -17.8628674318], [-50.6754086878, -17.845389744], [-50.7265200064, -17.837697463], [-50.7659969791, -17.8003314749], [-50.7797816556, -17.7677869082], [-50.7364970382, -17.7140883009], [-50.6645522084, -17.6505104025], [-50.6241076498, -17.6246122702], [-50.5834697951, -17.608700808], [-50.5464407907, -17.6039889049]]]}}, {"type": "Feature", "properties": {"name": "Santa Isabel"}, "geometry": {"type": "Polygon", "coordinates": [[[-49.3102491842, -15.0777737477], [-49.3175688095, -15.1877040117], [-49.3236073451, -15.2340627862], [-49.3599140322, -15.3251608606], [-49.3305559828, -15.3391133244], [-49.313632494, -15.3344072637], [-49.2637225322, -15.3377733413], [-49.285464483, -15.3757265684], [-49.2913804624, -15.4327861217], [-49.3100499255, -15.4665601689], [-49.3432478548, -15.4783056371], [-49.3327974611, -15.4484666749], [-49.4079127849, -15.4388443394], [-49.4590203405, -15.3972519313], [-49.4920212419, -15.3471863502], [-49.5060808856, -15.2938932088], [-49.5052182197, -15.2478917836], [-49.5069621319, -15.2153586782], [-49.5017785644, -15.1679237403], [-49.5048182304, -15.1315864814], [-49.4645531231, -15.1071522082], [-49.4388290578, -15.1159629135], [-49.3982159931, -15.0667713216], [-49.3499389124, -15.0272097203], [-49.2897201535, -15.0163772064], [-49.3083297406, -15.0685895579], [-49.3102491842, -15.0777737477]]]}}, {"type": "Feature", "properties": {"name": "Santa Rita do Araguaia"}, "geometry": {"type": "Polygon", "coordinates": [[[-52.9127739452, -16.8561735918], [-52.9278863918, -16.882021848], [-52.9128600867, -16.9145694564], [-52.9123355232, -16.9344879778], [-52.9464468461, -16.9469809205], [-52.9600548222, -16.9699382502], [-52.9515028375, -17.0084651989], [-52.9692824991, -17.0529179449], [-52.9599190958, -17.0903511529], [-52.9517497501, -17.1073021752], [-52.9475188602, -17.1291383749], [-52.9274191606, -17.1457429743], [-52.9269409841, -17.2157707749], [-52.8860001195, -17.2811960218], [-52.9785885952, -17.3208617151], [-53.0478610261, -17.364644636], [-53.0895578095, -17.3813929975], [-53.077274919, -17.3854663523], [-53.0941704675, -17.4133603562], [-53.1311075164, -17.493767631], [-53.1612586004, -17.5070742685], [-53.0695728101, -17.6649419925], [-53.1173888552, -17.6645657821], [-53.1653348099, -17.6455583526], [-53.21105109, -17.614936697], [-53.2423907472, -17.5920290545], [-53.2401389698, -17.5701870947], [-53.2459185272, -17.5386706659], [-53.2413575677, -17.5114025646], [-53.2356980375, -17.4805351614], [-53.2283066889, -17.4627432786], [-53.232947875, -17.4404885677], [-53.2200818487, -17.4127902219], [-53.2086400468, -17.3952618573], [-53.2027830178, -17.3895384803], [-53.1958920343, -17.3681046344], [-53.2033622063, -17.3533083447], [-53.2045943087, -17.3328890106], [-53.2138641144, -17.3128988368], [-53.2161415701, -17.3039984153], [-53.197633357, -17.2595800456], [-53.1646748754, -17.2196931579], [-53.1419214434, -17.1706401657], [-53.1317480854, -17.1450261044], [-53.1186391489, -17.112776235], [-53.0872230013, -17.098206602], [-53.0810852283, -17.0794947848], [-53.0667538626, -17.0729414444], [-53.0613106156, -17.0565903936], [-53.0720607604, -17.0501509537], [-53.0610532469, -17.0198941356], [-53.0574721528, -17.0089932729], [-53.0546691555, -16.9629981214], [-53.033639066, -16.9408165941], [-53.0391370404, -16.9115134159], [-53.01844264, -16.8982242767], [-53.0134051845, -16.8644376044], [-52.9905601548, -16.8628320954], [-52.9642251685, -16.858019902], [-52.9441650834, -16.8558125733], [-52.9204184207, -16.8336073331], [-52.9127739452, -16.8561735918]]]}}, {"type": "Feature", "properties": {"name": "Santa Rita do Novo Destino"}, "geometry": {"type": "Polygon", "coordinates": [[[-49.0064639726, -14.5813078672], [-48.9969366698, -14.5953658073], [-48.9755722921, -14.619934937], [-48.9870522397, -14.643545125], [-48.9654065651, -14.6646980825], [-48.9455790998, -14.6837894976], [-48.9123274052, -14.7352343328], [-48.8952716641, -14.7817630756], [-48.9745472453, -14.8930142932], [-49.0325571161, -14.9563608499], [-49.051382733, -14.9773350748], [-49.0260202743, -15.020944159], [-49.004691198, -15.0736698636], [-49.0566649614, -15.1147345859], [-49.0907800864, -15.1601449353], [-49.1587452451, -15.1566611632], [-49.1777554842, -15.0948295646], [-49.1725222898, -15.0707463563], [-49.1533021066, -15.0181620701], [-49.1282461363, -14.9870298117], [-49.0987444029, -14.9312264701], [-49.0918569975, -14.888186625], [-49.0940204219, -14.8686458032], [-49.2063604501, -14.8989618657], [-49.1942735759, -14.858369113], [-49.1885261862, -14.8140365894], [-49.192604053, -14.76824895], [-49.130855396, -14.7360273224], [-49.0697392886, -14.7429175832], [-49.0415235041, -14.7082366636], [-49.0206030462, -14.6876218431], [-49.0536337043, -14.6166693272], [-49.0180511899, -14.6063289699], [-49.0253259365, -14.5859164644], [-49.0064639726, -14.5813078672]]]}}, {"type": "Feature", "properties": {"name": "Santa Rosa de Goiás"}, "geometry": {"type": "Polygon", "coordinates": [[[-49.5079637765, -15.9727220571], [-49.4016881273, -16.015027682], [-49.4326622873, -16.0658223805], [-49.4541030716, -16.1139383086], [-49.4590763988, -16.1593968241], [-49.5384374804, -16.0914958861], [-49.5386250459, -16.0626054934], [-49.5294110129, -16.0285949554], [-49.5327403913, -15.9769237342], [-49.5079637765, -15.9727220571]]]}}, {"type": "Feature", "properties": {"name": "Santa Tereza de Goiás"}, "geometry": {"type": "Polygon", "coordinates": [[[-48.9324658742, -13.3613434495], [-48.9236090428, -13.3756157554], [-48.9045227539, -13.3918158039], [-48.8783558874, -13.4333407461], [-48.8488020645, -13.4505554125], [-48.8282143706, -13.4839542664], [-48.8380763524, -13.5295742708], [-48.8585773212, -13.56314103], [-48.8966104519, -13.6094127538], [-48.9251049468, -13.6595343983], [-48.9529433682, -13.6776735815], [-48.9755753928, -13.7293365863], [-49.0103532569, -13.7590812182], [-49.0562756279, -13.7448961493], [-49.1214704902, -13.7517485865], [-49.1346512463, -13.7108093759], [-49.1196918955, -13.6607315848], [-49.1192490713, -13.6189347515], [-49.0896058282, -13.5989650822], [-49.0795199711, -13.5649626442], [-49.0840521989, -13.5486661137], [-49.0670500969, -13.5289643798], [-49.0320578361, -13.5156945698], [-49.0146589152, -13.4878014975], [-49.0046954843, -13.4373817276], [-49.000971969, -13.4214252547], [-48.9850217711, -13.3903814113], [-48.9614496399, -13.361146042], [-48.9324658742, -13.3613434495]]]}}, {"type": "Feature", "properties": {"name": "Santa Terezinha de Goiás"}, "geometry": {"type": "Polygon", "coordinates": [[[-49.8179715756, -13.9400483444], [-49.807582725, -13.9592673144], [-49.8100264909, -13.9832799301], [-49.8086870308, -14.0034276902], [-49.7997141288, -14.0188908276], [-49.7691633777, -14.0292975034], [-49.744998477, -14.0527788739], [-49.7531634761, -14.0705877764], [-49.7338901751, -14.0802558159], [-49.7479664293, -14.161915812], [-49.7184141471, -14.2189439163], [-49.7710988404, -14.2472449524], [-49.7564072597, -14.2699592326], [-49.7349990171, -14.2954658427], [-49.7033531629, -14.3122892775], [-49.7074141317, -14.3373811766], [-49.6825984867, -14.3425163504], [-49.6475242104, -14.2984287071], [-49.57636662, -14.2878592809], [-49.5611913644, -14.2324005956], [-49.4958444131, -14.4697987828], [-49.5471346337, -14.4841418131], [-49.5476565087, -14.5123132376], [-49.5427699003, -14.5505498425], [-49.5516060475, -14.5694035241], [-49.5665457705, -14.6052131648], [-49.5889453244, -14.6538843795], [-49.632237772, -14.6473943738], [-49.6345996043, -14.5780779578], [-49.6529382749, -14.5382006697], [-49.6587185533, -14.5178962954], [-49.660689222, -14.494508451], [-49.6900494184, -14.4744893849], [-49.7102683793, -14.440361083], [-49.7359714617, -14.4332283938], [-49.7433314215, -14.4101238303], [-49.7654344834, -14.4069397383], [-49.7812446056, -14.3839692629], [-49.7834657092, -14.3395744357], [-49.80013338, -14.3209694142], [-49.7992437775, -14.289119353], [-49.8040259055, -14.2586366669], [-49.8252468347, -14.2336596032], [-49.8309436123, -14.2039105968], [-49.8608345025, -14.182684578], [-49.8360180631, -14.1247850792], [-49.8803874283, -14.0986485795], [-49.8949081475, -14.0630691863], [-49.8728002975, -14.0136406226], [-49.8519432099, -13.9713727192], [-49.8179715756, -13.9400483444]]]}}, {"type": "Feature", "properties": {"name": "Santo Antônio da Barra"}, "geometry": {"type": "Polygon", "coordinates": [[[-50.6033568071, -17.3979539895], [-50.5681375683, -17.4073579972], [-50.5423262792, -17.4139040952], [-50.522802034, -17.4482133457], [-50.5399092487, -17.478047769], [-50.516638025, -17.5235588446], [-50.5499437088, -17.564973394], [-50.5834697951, -17.608700808], [-50.6241076498, -17.6246122702], [-50.6645522084, -17.6505104025], [-50.7188057789, -17.6263868391], [-50.7531580643, -17.5571660378], [-50.749241527, -17.5338619738], [-50.6879942663, -17.4769501793], [-50.6597690919, -17.4673222549], [-50.63508044, -17.4058711242], [-50.5985528016, -17.383958845], [-50.6033568071, -17.3979539895]]]}}, {"type": "Feature", "properties": {"name": "Santo Antônio de Goiás"}, "geometry": {"type": "Polygon", "coordinates": [[[-49.2326612432, -16.4359265538], [-49.2272742691, -16.4658463746], [-49.2487708171, -16.4912134035], [-49.2777941502, -16.5269663051], [-49.322659378, -16.5456176235], [-49.3399672587, -16.5374243633], [-49.3449933901, -16.526007261], [-49.3549353962, -16.5122631668], [-49.3612734153, -16.4830957604], [-49.2904928895, -16.4282829243], [-49.2326612432, -16.4359265538]]]}}, {"type": "Feature", "properties": {"name": "Santo Antônio do Descoberto"}, "geometry": {"type": "Polygon", "coordinates": [[[-48.3641826054, -15.818323189], [-48.3143894888, -15.8213707373], [-48.2717438246, -15.8812283824], [-48.2728629393, -15.9205412581], [-48.2607486167, -15.9285325876], [-48.2599238466, -15.9772801863], [-48.259460878, -16.0511252139], [-48.1195498947, -16.0735985078], [-48.1437458727, -16.1476940856], [-48.1773813789, -16.2399194895], [-48.1987996647, -16.3078619894], [-48.2564661029, -16.312499817], [-48.2719402031, -16.3176603137], [-48.3251264466, -16.3093450414], [-48.3359541756, -16.2535242168], [-48.3679208966, -16.2272360002], [-48.3623796547, -16.1900346609], [-48.3545135956, -16.1283991923], [-48.3662422628, -16.0146241314], [-48.394747293, -15.977558886], [-48.4198508123, -15.9550625073], [-48.4101441452, -15.8901193632], [-48.3826023945, -15.8356372528], [-48.3641826054, -15.818323189]]]}}, {"type": "Feature", "properties": {"name": "São Domingos"}, "geometry": {"type": "Polygon", "coordinates": [[[-46.3011602737, -13.0756860988], [-46.2948044402, -13.1294318381], [-46.3140514155, -13.1776497703], [-46.3118264236, -13.2110462138], [-46.3162917575, -13.2520205416], [-46.3134102255, -13.2976684987], [-46.2789639446, -13.3474615857], [-46.2046306734, -13.3198654421], [-46.0892424304, -13.2702967043], [-46.0417399005, -13.2722366994], [-46.0829882437, -13.3299434077], [-46.1543226496, -13.3829034052], [-46.2428881676, -13.4298223184], [-46.2094657377, -13.4723319164], [-46.2215180512, -13.4971943915], [-46.2382634964, -13.5541458538], [-46.1839061805, -13.5671317549], [-46.2279891957, -13.6471636068], [-46.2350890023, -13.7077218446], [-46.3406329423, -13.71999486], [-46.3771618016, -13.7576272827], [-46.4347970228, -13.7825831295], [-46.4494384574, -13.7991331974], [-46.4720907002, -13.806067121], [-46.5192355378, -13.8090057834], [-46.5596095972, -13.8009511665], [-46.5908241829, -13.8155427286], [-46.6214607, -13.8193591159], [-46.6505727325, -13.8085364175], [-46.6806825111, -13.8188129836], [-46.7036592322, -13.8199496579], [-46.7487705293, -13.8226570834], [-46.7916046461, -13.8196404893], [-46.811380403, -13.828625466], [-46.8265726607, -13.8406565461], [-46.8171276468, -13.7933453318], [-46.8209085963, -13.7497220719], [-46.7853241727, -13.7024428709], [-46.7984685833, -13.6563476913], [-46.854016309, -13.6240661073], [-46.8256319292, -13.5872300476], [-46.7929920966, -13.5802552228], [-46.7738414235, -13.5319156609], [-46.7848245617, -13.5099491703], [-46.7645798034, -13.4898833793], [-46.771248355, -13.4785156914], [-46.7618777425, -13.4476439366], [-46.7510462658, -13.4331174623], [-46.7461354008, -13.4125169261], [-46.7288827279, -13.3910242443], [-46.7140870114, -13.3849981009], [-46.3830437906, -13.3547472586], [-46.3924851518, -13.3081794506], [-46.3843200581, -13.2709519802], [-46.4020201443, -13.1343237627], [-46.4258848806, -13.0857207533], [-46.2954906756, -13.0635061258], [-46.3011602737, -13.0756860988]]]}}, {"type": "Feature", "properties": {"name": "São Francisco de Goiás"}, "geometry": {"type": "Polygon", "coordinates": [[[-49.2510668696, -15.8256672137], [-49.2148198998, -15.8688998137], [-49.1981218074, -15.8948785325], [-49.1885165343, -15.9328927316], [-49.1826479851, -15.9520580057], [-49.1433043596, -15.9950467333], [-49.154682121, -16.0262017475], [-49.2195166067, -16.0806192942], [-49.2502950906, -16.0431593704], [-49.2637431422, -16.0196052661], [-49.2923021313, -16.0067865958], [-49.3603191568, -15.9860531688], [-49.3574676309, -15.9485669693], [-49.3621514117, -15.9015288306], [-49.3397260646, -15.8565316913], [-49.2822759253, -15.8336229399], [-49.2524804723, -15.822275897], [-49.2510668696, -15.8256672137]]]}}, {"type": "Feature", "properties": {"name": "São João d'Aliança"}, "geometry": {"type": "Polygon", "coordinates": [[[-47.0400730659, -14.0306267612], [-46.9978555208, -14.0541269958], [-46.9945304432, -14.081760296], [-47.0676847384, -14.1292370826], [-47.1365239837, -14.2183219622], [-47.1800493228, -14.2972651623], [-47.1910238015, -14.3681524159], [-47.1758862123, -14.446751796], [-47.1541809734, -14.4971045524], [-47.1449379988, -14.5375296192], [-47.1703472228, -14.5477103265], [-47.1848770294, -14.5435141757], [-47.1925483653, -14.5719865811], [-47.2022734442, -14.5793637811], [-47.2170162178, -14.6053287213], [-47.2150457046, -14.6138312705], [-47.2308504123, -14.6302878798], [-47.2336003576, -14.643337629], [-47.231795253, -14.6687734013], [-47.2391569691, -14.6862893284], [-47.2499045935, -14.6998224167], [-47.2898488876, -14.7103074816], [-47.3115641973, -14.7477949548], [-47.3218799073, -14.7529014384], [-47.3217400824, -14.7614046723], [-47.3417167502, -14.7696325511], [-47.3596374019, -14.8026555177], [-47.4521852823, -14.8160092894], [-47.5319087943, -14.7547580084], [-47.569742471, -14.7584203598], [-47.6287125647, -14.8229725789], [-47.6324710018, -14.7520931498], [-47.6661321801, -14.7091413357], [-47.7049078698, -14.6712604734], [-47.7589689932, -14.6396050518], [-47.7779312638, -14.6310016687], [-47.7689979912, -14.5863648315], [-47.769970011, -14.5544961804], [-47.7611850466, -14.5411958487], [-47.7938529761, -14.5194119869], [-47.828164239, -14.4857704342], [-47.8364634353, -14.4480823768], [-47.8351552408, -14.436033937], [-47.8638771008, -14.3797932983], [-47.8419640292, -14.3628405597], [-47.8247739298, -14.354318887], [-47.7970726446, -14.3844791989], [-47.7781853659, -14.415625347], [-47.7422969822, -14.4055492854], [-47.727879696, -14.4396064246], [-47.705545538, -14.4610557359], [-47.6865791296, -14.4601398712], [-47.6581371985, -14.4571189156], [-47.6280227389, -14.436159897], [-47.6053504565, -14.4315164226], [-47.5892735832, -14.4343875618], [-47.5709070321, -14.4584658411], [-47.5528861973, -14.4533642996], [-47.5510497955, -14.4434007321], [-47.507342813, -14.4279101604], [-47.4643825246, -14.3596874166], [-47.4331864478, -14.3414305347], [-47.3950480181, -14.3188851599], [-47.3960460545, -14.2693727656], [-47.4133028962, -14.2190300696], [-47.4469081471, -14.1783671988], [-47.4459108763, -14.1540937077], [-47.3868281379, -14.137235643], [-47.3528556439, -14.1412198195], [-47.3134886329, -14.1575831974], [-47.2855450885, -14.1596118706], [-47.2322143893, -14.142553846], [-47.2065774915, -14.1468381624], [-47.1751591681, -14.1421271156], [-47.1569338892, -14.1327815787], [-47.1477165592, -14.1216803415], [-47.1297959283, -14.1112477539], [-47.1180760473, -14.0987040492], [-47.0947964444, -14.0852238361], [-47.0789025577, -14.0613941705], [-47.0568792774, -14.0408761919], [-47.0400730659, -14.0306267612]]]}}, {"type": "Feature", "properties": {"name": "São João da Paraúna"}, "geometry": {"type": "Polygon", "coordinates": [[[-50.3556302852, -16.7166701317], [-50.334461726, -16.755244877], [-50.286955358, -16.7967980894], [-50.2946907173, -16.8297276616], [-50.3018590279, -16.854832879], [-50.287300854, -16.8664825172], [-50.3110785715, -16.892918326], [-50.37135535, -16.8898409977], [-50.4440575578, -16.8944924235], [-50.4452946937, -16.8207018521], [-50.4392784676, -16.7783647971], [-50.3910765264, -16.7188444045], [-50.3556302852, -16.7166701317]]]}}, {"type": "Feature", "properties": {"name": "São Luís de Montes Belos"}, "geometry": {"type": "Polygon", "coordinates": [[[-50.3475765939, -16.2990843291], [-50.3074375729, -16.3244776804], [-50.2444978371, -16.3395775681], [-50.229766891, -16.3699045276], [-50.2392301778, -16.420349928], [-50.1895361198, -16.416510961], [-50.1686577565, -16.4611131743], [-50.2075212751, -16.4777836384], [-50.2262474183, -16.4516941668], [-50.268731095, -16.4965592695], [-50.2997791623, -16.5520182376], [-50.3538306127, -16.5735254927], [-50.4112691355, -16.587118808], [-50.459323067, -16.616592618], [-50.5203527654, -16.6131143545], [-50.538168578, -16.5728828404], [-50.5509678311, -16.5271413957], [-50.5315785507, -16.5069976727], [-50.5009993267, -16.4978772243], [-50.4948810574, -16.4738158644], [-50.4739706912, -16.4315828261], [-50.4767474322, -16.4110123541], [-50.4626863682, -16.380390804], [-50.4401595904, -16.3640874007], [-50.4437441571, -16.3326691679], [-50.4311641055, -16.3119139132], [-50.3628507065, -16.2902431314], [-50.3475765939, -16.2990843291]]]}}, {"type": "Feature", "properties": {"name": "São Luíz do Norte"}, "geometry": {"type": "Polygon", "coordinates": [[[-49.338134489, -14.8133740393], [-49.2951178646, -14.8157163648], [-49.2417987261, -14.831007343], [-49.2433174839, -14.8507149839], [-49.1959412354, -14.8493758602], [-49.2052761693, -14.8920203945], [-49.0887584409, -14.8605005556], [-49.0841342579, -14.8840200713], [-49.1014955084, -14.9251231369], [-49.1243567427, -14.966990749], [-49.3245192638, -14.9905262551], [-49.3599393164, -15.0073603336], [-49.3848292969, -15.010317018], [-49.4254970043, -14.9929916185], [-49.4270233346, -14.9582967682], [-49.4189657504, -14.8778740713], [-49.3850187952, -14.8217314655], [-49.3408055879, -14.8075315951], [-49.338134489, -14.8133740393]]]}}, {"type": "Feature", "properties": {"name": "São Miguel do Araguaia"}, "geometry": {"type": "Polygon", "coordinates": [[[-50.1577710889, -12.4119428796], [-50.1961570527, -12.4580611704], [-50.2194418724, -12.517176713], [-50.2059960741, -12.5615614268], [-50.2036049365, -12.5637685525], [-50.2377529084, -12.5791616639], [-50.2566646651, -12.6345312875], [-50.2700799963, -12.677180457], [-50.2855596977, -12.6816271655], [-50.2968619642, -12.6914544926], [-50.2837793248, -12.7177571604], [-50.2950528747, -12.7530593645], [-50.3054741649, -12.8054361371], [-50.2949151197, -12.8287626479], [-50.2754974456, -12.8436682026], [-50.2503955952, -12.8534602474], [-50.2249689713, -12.8611725031], [-50.1995592748, -12.8838356088], [-50.172530162, -12.8967324193], [-50.1034952059, -12.9076125063], [-50.0384718977, -12.9348373225], [-49.952315086, -12.9593685824], [-49.8592643801, -13.107685442], [-49.8223375794, -13.1915924549], [-49.8224435625, -13.2508550307], [-49.8496021207, -13.3278102847], [-49.861133697, -13.3888195538], [-49.9207216342, -13.4585970821], [-49.9732999839, -13.484646193], [-49.998109463, -13.4863731759], [-50.0152173265, -13.4958162835], [-50.0328350501, -13.5108071928], [-50.056500161, -13.5227979407], [-50.0972777231, -13.5104097178], [-50.142303356, -13.5365355624], [-50.1821927104, -13.5479972514], [-50.2301415957, -13.5427442431], [-50.2509072013, -13.5564056294], [-50.2895598553, -13.5436059294], [-50.382466657, -13.5770281958], [-50.4506088393, -13.5551784135], [-50.513966391, -13.520856527], [-50.5174994958, -13.4723360823], [-50.5440136227, -13.4526835696], [-50.55494411, -13.4216711479], [-50.5948603905, -13.3972489818], [-50.587915074, -13.3655257338], [-50.6067480443, -13.3104270279], [-50.5860745251, -13.21202587], [-50.5898308606, -13.1092043284], [-50.605939725, -13.0567177725], [-50.5925503956, -13.0024286473], [-50.5254746309, -12.9759915715], [-50.5019883604, -12.8726589465], [-50.49069482, -12.813630532], [-50.4770239899, -12.7598536453], [-50.4819386396, -12.7388484614], [-50.477610144, -12.7095242455], [-50.4363887218, -12.6776444911], [-50.4380832417, -12.6576793536], [-50.4112518447, -12.6457501963], [-50.3983597079, -12.6017397045], [-50.3693265494, -12.5595593572], [-50.3458880448, -12.5426851079], [-50.3136901245, -12.5211137528], [-50.2892821779, -12.4876521976], [-50.2297427852, -12.4553101297], [-50.2118843741, -12.4366933149], [-50.1961312707, -12.4129164468], [-50.1707760492, -12.4195778272], [-50.1577710889, -12.4119428796]]]}}, {"type": "Feature", "properties": {"name": "São Miguel do Passa Quatro"}, "geometry": {"type": "Polygon", "coordinates": [[[-48.7848211428, -16.8463477621], [-48.7224657123, -16.8447070081], [-48.6737370575, -16.8936611433], [-48.6459843873, -16.8856449772], [-48.5965449658, -16.9237487653], [-48.5754934967, -16.9589801243], [-48.5274890904, -17.0073855086], [-48.5542090681, -17.0559131538], [-48.5817929834, -17.0832184335], [-48.6009431211, -17.1187551973], [-48.6402942881, -17.1546224659], [-48.6591285714, -17.1213904748], [-48.6804854463, -17.1144671147], [-48.7066289144, -17.0799250268], [-48.7371771791, -17.0296371787], [-48.7800515772, -16.9790998588], [-48.7772375266, -16.9199716947], [-48.8036858739, -16.8977964061], [-48.7915719703, -16.8432326493], [-48.7848211428, -16.8463477621]]]}}, {"type": "Feature", "properties": {"name": "São Patrício"}, "geometry": {"type": "Polygon", "coordinates": [[[-49.7710403252, -15.2880584112], [-49.7674140554, -15.3343612426], [-49.7848800625, -15.3694861357], [-49.7919866031, -15.4239285389], [-49.8522029938, -15.4468406126], [-49.8596667039, -15.3926520496], [-49.9043506706, -15.3843534486], [-49.890799026, -15.3652736161], [-49.8510521681, -15.3269891617], [-49.801409441, -15.2943621838], [-49.7710403252, -15.2880584112]]]}}, {"type": "Feature", "properties": {"name": "São Simão"}, "geometry": {"type": "Polygon", "coordinates": [[[-50.4849098082, -18.8992526507], [-50.5114077092, -18.9515072181], [-50.4982725123, -19.0335691806], [-50.584551882, -19.1369266923], [-50.6502093577, -19.0813950297], [-50.6681041056, -19.0377073508], [-50.6844138456, -19.0116804446], [-50.6810192205, -18.9581541159], [-50.6498292244, -18.9188711503], [-50.5061614479, -18.8939335787], [-50.4849098082, -18.8992526507]]]}}, {"type": "Feature", "properties": {"name": "Senador Canedo"}, "geometry": {"type": "Polygon", "coordinates": [[[-49.0735575521, -16.6384639588], [-49.0216317677, -16.6541399432], [-49.0318568096, -16.6926040709], [-49.0691800893, -16.7426808493], [-49.0604910894, -16.7855501265], [-49.1301562094, -16.7974884046], [-49.1566831359, -16.8225630503], [-49.1590462895, -16.8164022586], [-49.1592704061, -16.7649798503], [-49.1489598818, -16.7428715868], [-49.1660441578, -16.7153344765], [-49.1806286677, -16.7115999252], [-49.1886926177, -16.6843352994], [-49.1509402766, -16.6493013094], [-49.0775757432, -16.5930394156], [-49.0706640862, -16.6294593847], [-49.0735575521, -16.6384639588]]]}}, {"type": "Feature", "properties": {"name": "Serranópolis"}, "geometry": {"type": "Polygon", "coordinates": [[[-52.1959710599, -17.8386820841], [-52.1968047716, -17.9010014275], [-52.1919515938, -17.9380637423], [-52.1609099216, -17.9617740482], [-52.1318629966, -18.0332614384], [-52.0719984313, -18.0639778151], [-52.0200791329, -18.1022390739], [-51.978213346, -18.1605425179], [-51.8934656301, -18.1350810206], [-51.842938987, -18.1601850946], [-51.8318264973, -18.2010481808], [-51.7941600587, -18.2233019296], [-51.7790529469, -18.2617657073], [-51.7310327404, -18.2442616158], [-51.6806082633, -18.2691868954], [-51.6472189459, -18.300669286], [-51.6397243218, -18.3326849768], [-51.6482499023, -18.3878479109], [-51.6388863437, -18.4934067876], [-51.7078896471, -18.480861915], [-51.7334806083, -18.4749812552], [-51.7505760095, -18.4691408631], [-51.8014677724, -18.526280179], [-51.845776704, -18.5715864257], [-51.9025232342, -18.5911082447], [-51.9205002662, -18.6223088454], [-51.9520938071, -18.5969147728], [-51.9752182616, -18.5867548786], [-51.9908333415, -18.5681927618], [-52.0219392327, -18.553919545], [-52.054798543, -18.5132081158], [-52.104399354, -18.5172568669], [-52.1391365146, -18.5058898275], [-52.1751934713, -18.5048266286], [-52.1991622709, -18.5037620335], [-52.222280846, -18.5082422839], [-52.2470556198, -18.507463687], [-52.2586930135, -18.5064042837], [-52.2749944151, -18.5023097763], [-52.2939724509, -18.4916794075], [-52.316721977, -18.4940775827], [-52.3285861224, -18.476815195], [-52.3463078419, -18.4671976384], [-52.3732144349, -18.4663565307], [-52.3873328109, -18.4580749585], [-52.394474301, -18.4527643793], [-52.4191077034, -18.4410013734], [-52.4431977843, -18.4184391569], [-52.4619689234, -18.4117809882], [-52.470209012, -18.3926083739], [-52.4729713021, -18.3673742464], [-52.4848368731, -18.3521315758], [-52.5292266548, -18.3150585202], [-52.5608877716, -18.2996357698], [-52.5877795329, -18.2692098812], [-52.6103559168, -18.2369426881], [-52.6305307308, -18.2286215777], [-52.6527480985, -18.2069657615], [-52.6700836924, -18.1908537665], [-52.6822771629, -18.1786151522], [-52.6986982915, -18.1655019184], [-52.7372355474, -18.1352668153], [-52.7528705969, -18.1161498044], [-52.784134736, -18.0709276611], [-52.6947993485, -17.9728544141], [-52.6420778199, -17.9513519436], [-52.5805798574, -17.9128210687], [-52.4816029872, -17.9015070237], [-52.4273594133, -17.8702908075], [-52.3841216761, -17.8242841644], [-52.3703628899, -17.8386078634], [-52.3597783593, -17.8550101067], [-52.3136945032, -17.8302763658], [-52.2469683272, -17.8258318243], [-52.1959710599, -17.8386820841]]]}}, {"type": "Feature", "properties": {"name": "Silvânia"}, "geometry": {"type": "Polygon", "coordinates": [[[-48.4358890977, -16.2832028812], [-48.3982662529, -16.2918559666], [-48.376025618, -16.3027617113], [-48.4010110423, -16.382286342], [-48.3518298445, -16.4211501384], [-48.3005429569, -16.4577928094], [-48.2540908292, -16.5359160444], [-48.1901264296, -16.6546691146], [-48.2125723323, -16.7404993624], [-48.2386320609, -16.7343947507], [-48.2472124873, -16.7382924198], [-48.2819352611, -16.7131490477], [-48.3097657445, -16.6755928323], [-48.3461242672, -16.6473713866], [-48.372625414, -16.6312855799], [-48.4056599496, -16.6283044978], [-48.4646492399, -16.6400785696], [-48.512077373, -16.662910509], [-48.5322926849, -16.7310311239], [-48.5472416311, -16.792857349], [-48.5931896802, -16.8966611314], [-48.6317133144, -16.9115003081], [-48.656852553, -16.8872142007], [-48.6940769907, -16.8768217464], [-48.7632465463, -16.841228052], [-48.7890140529, -16.8098203255], [-48.8300531181, -16.7933422767], [-48.834057673, -16.7628457293], [-48.8778995635, -16.7474818493], [-48.9148042407, -16.7309173019], [-48.9015425452, -16.7007395534], [-48.8697279281, -16.6589387209], [-48.8053564806, -16.6326839601], [-48.7183766375, -16.6761264351], [-48.757618565, -16.6036438339], [-48.8385228143, -16.5214692469], [-48.8624178458, -16.4527694828], [-48.9078890522, -16.4047663336], [-48.8192789412, -16.4340054374], [-48.7787073568, -16.4621087663], [-48.762948178, -16.4854043646], [-48.7455486587, -16.4988950645], [-48.7200254078, -16.4956451761], [-48.6808677984, -16.4974901298], [-48.6581087665, -16.5115921052], [-48.6337080647, -16.5237283694], [-48.6067684196, -16.5308378674], [-48.5581819362, -16.5038081197], [-48.5698595632, -16.4617857863], [-48.5778832974, -16.4178337101], [-48.5209132798, -16.3920865145], [-48.5151608189, -16.341396287], [-48.4954101898, -16.3227525026], [-48.4770440854, -16.2939898764], [-48.440510393, -16.2891130411], [-48.4358890977, -16.2832028812]]]}}, {"type": "Feature", "properties": {"name": "Simolândia"}, "geometry": {"type": "Polygon", "coordinates": [[[-46.5356472996, -14.3788394241], [-46.4717404177, -14.3942736023], [-46.4225250269, -14.4116041051], [-46.4352666224, -14.4412585199], [-46.4494367399, -14.4674513853], [-46.4844909417, -14.4787672041], [-46.5158222839, -14.4747943412], [-46.5673256782, -14.4643123386], [-46.5876610711, -14.4811411383], [-46.6442417052, -14.5143671678], [-46.673625756, -14.489407572], [-46.691831197, -14.4855524707], [-46.7199631857, -14.4586178608], [-46.7152455406, -14.4311917872], [-46.7256542228, -14.4167435111], [-46.7184052392, -14.4046345545], [-46.7186301489, -14.3849512999], [-46.6669115407, -14.3716978234], [-46.5997655438, -14.3762629326], [-46.5392489895, -14.367084446], [-46.5356472996, -14.3788394241]]]}}, {"type": "Feature", "properties": {"name": "Sítio d'Abadia"}, "geometry": {"type": "Polygon", "coordinates": [[[-46.5913703915, -14.8131788243], [-46.5211262734, -14.8507344018], [-46.5442511467, -14.930212363], [-46.5205777907, -14.9669482421], [-46.5202415652, -15.0132937682], [-46.525704463, -15.0559220916], [-46.567714553, -15.0048232404], [-46.5762114166, -14.9545586229], [-46.5851306557, -14.9227693151], [-46.58974489, -14.8973237921], [-46.6023270278, -14.8732166491], [-46.608436086, -14.8391355549], [-46.609706589, -14.824109566], [-46.5913703915, -14.8131788243]], [[-46.3565970632, -14.4412055966], [-46.300045628, -14.5351417259], [-46.2523788504, -14.6029910186], [-46.1829650172, -14.6383853433], [-46.0291556319, -14.6829573632], [-46.0013658134, -14.7198337374], [-46.0126316825, -14.7689229822], [-46.0229090798, -14.8175716141], [-46.0448767922, -14.8381197234], [-46.0668772205, -14.9093291056], [-46.1099664255, -14.9365688417], [-46.1590433923, -14.9133617137], [-46.2053797739, -14.9367173087], [-46.2469600325, -14.9219001742], [-46.3056841148, -14.9111071758], [-46.3000444882, -14.8576331414], [-46.3217718054, -14.8141350246], [-46.3675207784, -14.789175009], [-46.4627106936, -14.7307298519], [-46.5015002047, -14.6938328844], [-46.4534475117, -14.6238969218], [-46.4085469069, -14.6099818191], [-46.3869832018, -14.5930590723], [-46.3733726511, -14.5895298494], [-46.3782160929, -14.5575959199], [-46.3844726451, -14.5000128486], [-46.3847695704, -14.4718675302], [-46.3565970632, -14.4412055966]]]}}, {"type": "Feature", "properties": {"name": "Taquaral de Goiás"}, "geometry": {"type": "Polygon", "coordinates": [[[-49.5515411747, -15.9677163351], [-49.5327403913, -15.9769237342], [-49.5294110129, -16.0285949554], [-49.5386250459, -16.0626054934], [-49.5384374804, -16.0914958861], [-49.5684118722, -16.1168088752], [-49.6073030023, -16.1085729199], [-49.6486588548, -16.1154109775], [-49.6679942955, -16.0589102335], [-49.6635031794, -15.9875988392], [-49.5515411747, -15.9677163351]]]}}, {"type": "Feature", "properties": {"name": "Teresina de Goiás"}, "geometry": {"type": "Polygon", "coordinates": [[[-47.1263296998, -13.4387467321], [-47.1429306265, -13.5099865172], [-47.1542411639, -13.6208042674], [-47.1494805631, -13.6701711721], [-47.1937990127, -13.722432805], [-47.2009366568, -13.8631240286], [-47.2224645391, -13.871604843], [-47.2497453442, -13.8981821356], [-47.2419368099, -13.938032556], [-47.2835735743, -13.9480062091], [-47.3183280213, -13.9470370687], [-47.3128546419, -13.8814576017], [-47.3168277193, -13.8374919033], [-47.3404541129, -13.7880080113], [-47.3084069318, -13.7530445995], [-47.297271153, -13.728801672], [-47.3278809975, -13.7181518445], [-47.3227671403, -13.6450156107], [-47.2805237714, -13.5696666101], [-47.2442975324, -13.4702659479], [-47.1869374587, -13.4463090328], [-47.1472955051, -13.41258302], [-47.1263296998, -13.4387467321]]]}}, {"type": "Feature", "properties": {"name": "Terezópolis de Goiás"}, "geometry": {"type": "Polygon", "coordinates": [[[-49.0488060332, -16.3771582205], [-49.0110764949, -16.3984099308], [-49.0187221004, -16.4287409122], [-49.065128229, -16.4632203835], [-49.1143508441, -16.5361704742], [-49.121721232, -16.483505007], [-49.117405066, -16.4426275493], [-49.0979059898, -16.4150207069], [-49.0930754746, -16.3810085038], [-49.05735158, -16.3751694425], [-49.0488060332, -16.3771582205]]]}}, {"type": "Feature", "properties": {"name": "Três Ranchos"}, "geometry": {"type": "Polygon", "coordinates": [[[-47.7102870381, -18.2932769062], [-47.6477080815, -18.3402368272], [-47.678914868, -18.3559024989], [-47.7099278016, -18.3791924447], [-47.742155512, -18.376057715], [-47.7695860288, -18.418165939], [-47.7970988282, -18.4064476271], [-47.836593018, -18.435366012], [-47.8600050517, -18.4397290648], [-47.8616315481, -18.4051456888], [-47.8530994906, -18.3689797349], [-47.913022204, -18.3389841158], [-47.8850727323, -18.3040175217], [-47.8762318335, -18.2835782563], [-47.7102870381, -18.2932769062]]]}}, {"type": "Feature", "properties": {"name": "Trindade"}, "geometry": {"type": "Polygon", "coordinates": [[[-49.614852242, -16.5055056882], [-49.4600485744, -16.4955777319], [-49.4039966546, -16.5469231094], [-49.390798384, -16.588127963], [-49.3909747682, -16.6133934337], [-49.3878067917, -16.6367878913], [-49.4035781203, -16.6459800276], [-49.4424088785, -16.688067869], [-49.4721900251, -16.7350006539], [-49.5167850146, -16.7403819911], [-49.5395233526, -16.7662615983], [-49.5280616202, -16.7856849748], [-49.5445749277, -16.8110590535], [-49.576635754, -16.7719976727], [-49.6321051273, -16.8038013817], [-49.6377955334, -16.7609485016], [-49.675242357, -16.7241337005], [-49.6856885572, -16.6701642525], [-49.6539030305, -16.629607596], [-49.6130748893, -16.5761492057], [-49.6274650853, -16.55197855], [-49.6744897048, -16.5325279226], [-49.6705451595, -16.50177686], [-49.6209878388, -16.489299506], [-49.614852242, -16.5055056882]]]}}, {"type": "Feature", "properties": {"name": "Trombas"}, "geometry": {"type": "Polygon", "coordinates": [[[-48.793691071, -13.2421044562], [-48.763216441, -13.2927752406], [-48.8015036512, -13.3433920454], [-48.7632406438, -13.3555982192], [-48.7298552625, -13.3552507048], [-48.674460782, -13.3872696556], [-48.6316602434, -13.4059707243], [-48.6087702808, -13.3929221261], [-48.5775612341, -13.3941988597], [-48.562082657, -13.43252005], [-48.5444956985, -13.4565831128], [-48.5858027183, -13.5085944376], [-48.6254913951, -13.5357785436], [-48.6926454109, -13.6101573508], [-48.7275784198, -13.6038489874], [-48.7457741101, -13.5717447496], [-48.7642848673, -13.5399727608], [-48.7853599167, -13.482791195], [-48.8425190765, -13.476888618], [-48.8565835578, -13.4361068684], [-48.8934154213, -13.4231885948], [-48.9108140868, -13.3827902612], [-48.9389975954, -13.3700836165], [-48.955633483, -13.3450974178], [-48.9438869063, -13.3405731678], [-48.9198329496, -13.3077203377], [-48.9000011081, -13.2555268191], [-48.8699667045, -13.2493500383], [-48.816283828, -13.2325940149], [-48.793691071, -13.2421044562]]]}}, {"type": "Feature", "properties": {"name": "Turvânia"}, "geometry": {"type": "Polygon", "coordinates": [[[-50.216184284, -16.4768947057], [-50.1650738129, -16.4728359634], [-50.1179139653, -16.4938106415], [-50.0694170573, -16.4975837625], [-50.0113852404, -16.50521574], [-50.1104305489, -16.6630387475], [-50.2007701444, -16.6979063735], [-50.2097104653, -16.6792082747], [-50.2354911771, -16.6397161639], [-50.2406877986, -16.5682760919], [-50.2418795682, -16.4917362806], [-50.2247161086, -16.4725746057], [-50.216184284, -16.4768947057]]]}}, {"type": "Feature", "properties": {"name": "Turvelândia"}, "geometry": {"type": "Polygon", "coordinates": [[[-50.2304131236, -17.5645067364], [-50.1475729123, -17.5862107476], [-50.1739636973, -17.6439492925], [-50.1819383295, -17.6711538625], [-50.2043843274, -17.7010450175], [-50.1925187977, -17.7417159084], [-50.1943527829, -17.7670350536], [-50.2476572732, -17.7848388889], [-50.2558316148, -17.8222452633], [-50.2526022071, -17.8551167992], [-50.2406088771, -17.9034677869], [-50.2794874932, -17.9087294474], [-50.2806031677, -17.9512689046], [-50.2646855895, -17.9723562052], [-50.2026917825, -17.980406644], [-50.2523782629, -18.0314833045], [-50.2857429799, -17.9980587023], [-50.3330208463, -17.9651074198], [-50.363133747, -17.9155683726], [-50.3694579236, -17.8933060239], [-50.411967538, -17.8939851087], [-50.4061840678, -17.8296022381], [-50.4400246103, -17.7537007399], [-50.4236585802, -17.7315089926], [-50.4157125255, -17.7000955941], [-50.4551617072, -17.7043477123], [-50.4654906445, -17.6423710236], [-50.3762989728, -17.6037399959], [-50.2949716764, -17.6132500568], [-50.2542971038, -17.5799236241], [-50.2304131236, -17.5645067364]]]}}, {"type": "Feature", "properties": {"name": "Uirapuru"}, "geometry": {"type": "Polygon", "coordinates": [[[-49.9361446229, -13.8840935669], [-49.8724731993, -13.896942337], [-49.8374954825, -13.8990642385], [-49.8306962279, -13.9484653175], [-49.8510282668, -13.976451936], [-49.8838262303, -14.03285768], [-49.8959106305, -14.0682236009], [-49.8792764979, -14.1043386623], [-49.8309091697, -14.1355290365], [-49.8436910599, -14.1963950178], [-49.8172442125, -14.1992529692], [-49.8178583227, -14.2423411108], [-49.8038465657, -14.2753100222], [-49.780049837, -14.3027860416], [-49.8167232981, -14.3277265246], [-49.8914371362, -14.3425165245], [-49.913238577, -14.3491515057], [-49.9230490372, -14.3636864456], [-49.9276997483, -14.3879984177], [-50.0351389053, -14.3013927182], [-50.0725774295, -14.2400013894], [-50.0995780511, -14.2283918171], [-50.1185546332, -14.1779489495], [-50.1417753696, -14.1103438111], [-50.1578828125, -14.0182384068], [-49.9405544068, -14.0109335082], [-49.9239965721, -13.9281525753], [-49.9482752616, -13.894412193], [-49.9361446229, -13.8840935669]]]}}, {"type": "Feature", "properties": {"name": "Uruaçu"}, "geometry": {"type": "Polygon", "coordinates": [[[-48.7338283932, -13.9476707315], [-48.7301590732, -14.0006407244], [-48.7178294656, -14.0380945126], [-48.71671699, -14.0867134407], [-48.708323164, -14.1237021873], [-48.760124419, -14.119094641], [-48.7933295415, -14.1398403582], [-48.8361034516, -14.1723927229], [-48.8791598694, -14.1885504045], [-48.8918854632, -14.2270996217], [-48.9512437527, -14.257101281], [-49.0166565536, -14.3150964989], [-48.9805774408, -14.367914139], [-49.0238870888, -14.4679092319], [-49.0521392625, -14.5058462953], [-49.0062760259, -14.558090672], [-49.0443279755, -14.5895268169], [-49.019521963, -14.6213234292], [-49.0282498818, -14.6344906729], [-49.0048280626, -14.7200724628], [-49.0630227375, -14.7284981887], [-49.1090799429, -14.7352660909], [-49.1501373594, -14.7365587993], [-49.1990017808, -14.7540727143], [-49.2566370248, -14.7122838794], [-49.2839407304, -14.6876786822], [-49.3199699053, -14.6678072579], [-49.3720510273, -14.622783755], [-49.4345264537, -14.6191328505], [-49.4503048015, -14.5764938447], [-49.3935664868, -14.5346475076], [-49.367556863, -14.5223918844], [-49.3449685243, -14.485599671], [-49.2989674425, -14.4332759504], [-49.2792399846, -14.4132985107], [-49.2158496404, -14.3934385749], [-49.1586155185, -14.375971728], [-49.0608227162, -14.2536213698], [-48.8053546797, -14.0625690691], [-48.7686351346, -13.9135646976], [-48.7338283932, -13.9476707315]]]}}, {"type": "Feature", "properties": {"name": "Uruana"}, "geometry": {"type": "Polygon", "coordinates": [[[-49.6383007129, -15.4022466426], [-49.6059685112, -15.4079840029], [-49.5848018335, -15.4369706348], [-49.5628638225, -15.4495232375], [-49.5391049526, -15.4472289044], [-49.5541570385, -15.4655047115], [-49.5748616945, -15.5161296237], [-49.5566890217, -15.5470174846], [-49.5568252377, -15.58057038], [-49.5594205605, -15.6101400746], [-49.5714675163, -15.6476424603], [-49.6166046783, -15.6911355837], [-49.6441878402, -15.7347689258], [-49.6748521961, -15.7855221423], [-49.6904376636, -15.7984779628], [-49.6922245138, -15.74474817], [-49.7486022442, -15.6733714477], [-49.7364119607, -15.6419788929], [-49.7141918806, -15.6272674051], [-49.7037662916, -15.5859066715], [-49.7051294714, -15.5347245037], [-49.7289136569, -15.5297387155], [-49.7100238606, -15.5019557604], [-49.6848538673, -15.4588220051], [-49.6937472252, -15.4189939706], [-49.6504686616, -15.4121193849], [-49.6383007129, -15.4022466426]]]}}, {"type": "Feature", "properties": {"name": "Urutaí"}, "geometry": {"type": "Polygon", "coordinates": [[[-48.1186767834, -17.2738505539], [-48.0848776963, -17.3362080751], [-48.0644618932, -17.3752540069], [-48.0428105055, -17.4246277143], [-48.1185141622, -17.4578070988], [-48.1132992677, -17.5245159049], [-48.1439362542, -17.5331317562], [-48.2023520012, -17.5744859579], [-48.3120987223, -17.5277199158], [-48.3658227352, -17.5089722167], [-48.3582702464, -17.4625246352], [-48.3147911605, -17.4462638342], [-48.2830424405, -17.4199215747], [-48.26299007, -17.3878648898], [-48.2552119518, -17.3574615014], [-48.2158028599, -17.3238688015], [-48.1477904241, -17.2905252103], [-48.1186767834, -17.2738505539]]]}}, {"type": "Feature", "properties": {"name": "Valparaíso de Goiás"}, "geometry": {"type": "Polygon", "coordinates": [[[-47.9622674737, -16.1222826373], [-48.0025483995, -16.1373375164], [-48.0207144429, -16.0511085535], [-47.964335953, -16.1033757336], [-47.9622674737, -16.1222826373]]]}}, {"type": "Feature", "properties": {"name": "Varjão"}, "geometry": {"type": "Polygon", "coordinates": [[[-49.6836049717, -16.9508490141], [-49.5946612584, -16.9522622795], [-49.6150158147, -17.0536790203], [-49.5839407397, -17.0529146192], [-49.5590132969, -17.0394177214], [-49.5273172529, -17.0257332319], [-49.5029134654, -16.9958916672], [-49.4762421267, -17.0054795819], [-49.4739062286, -17.0992236354], [-49.4794108939, -17.1451952257], [-49.548295792, -17.179396179], [-49.5985203095, -17.2188228554], [-49.6359684012, -17.2100079154], [-49.6658272377, -17.1772140837], [-49.6577940575, -17.1576161609], [-49.6702100299, -17.1399686435], [-49.6989695688, -17.1060268495], [-49.7045238629, -17.0760244311], [-49.730105107, -17.0709558526], [-49.7384435352, -17.0336974448], [-49.746821154, -16.9946438591], [-49.7277763218, -16.9555620694], [-49.6836049717, -16.9508490141]]]}}, {"type": "Feature", "properties": {"name": "Vianópolis"}, "geometry": {"type": "Polygon", "coordinates": [[[-48.4312481048, -16.6275466305], [-48.3826628696, -16.6283000999], [-48.3631782422, -16.6442858714], [-48.3202396247, -16.6620394716], [-48.2944615125, -16.7044832631], [-48.2644067289, -16.7361961037], [-48.25693365, -16.7846190592], [-48.312042099, -16.8414706391], [-48.3872603147, -16.9160346772], [-48.454601904, -16.9327754444], [-48.488767183, -17.0031146187], [-48.5269317098, -17.0532644835], [-48.5664371584, -17.1211653679], [-48.5817929834, -17.0832184335], [-48.5542090681, -17.0559131538], [-48.5274890904, -17.0073855086], [-48.5754934967, -16.9589801243], [-48.5965449658, -16.9237487653], [-48.5731307587, -16.8439259874], [-48.5369397717, -16.7506325482], [-48.531301899, -16.7066166722], [-48.5030217205, -16.6440459204], [-48.4419353092, -16.6335111193], [-48.4312481048, -16.6275466305]]]}}, {"type": "Feature", "properties": {"name": "Vicentinópolis"}, "geometry": {"type": "Polygon", "coordinates": [[[-49.85004788, -17.5768240661], [-49.7814415637, -17.6279712276], [-49.7320534342, -17.6479980829], [-49.7297371015, -17.7227937457], [-49.6837114188, -17.8073479348], [-49.7752987425, -17.8095702571], [-49.801858147, -17.8863061785], [-49.8884610645, -17.8114917759], [-49.977496343, -17.775216743], [-50.0520469662, -17.7947350082], [-50.0832405995, -17.7740583716], [-50.0722184875, -17.7600931258], [-50.0781354929, -17.7145536424], [-50.0393842163, -17.7126317393], [-50.0340474876, -17.6946587617], [-50.0131272432, -17.6621880191], [-49.9678550727, -17.6433868929], [-49.9447412414, -17.6412800111], [-49.9426085649, -17.6015345612], [-49.9234400895, -17.605176652], [-49.9015410781, -17.595160808], [-49.8816362293, -17.6160721461], [-49.8606026429, -17.5908473401], [-49.85004788, -17.5768240661]]]}}, {"type": "Feature", "properties": {"name": "Vila Boa"}, "geometry": {"type": "Polygon", "coordinates": [[[-47.1101851052, -14.6714999654], [-47.1014966905, -14.7016921339], [-47.0977408257, -14.7277499175], [-47.0982429804, -14.759084068], [-47.0975455759, -14.8032780463], [-47.0723510862, -14.8337605853], [-47.0589032454, -14.8921182316], [-46.9246267951, -15.057059998], [-46.8885681924, -15.1106729304], [-46.9330465752, -15.2230403038], [-46.9059128144, -15.2361721683], [-46.8732650282, -15.284956143], [-46.9421964884, -15.3136343048], [-46.9916285398, -15.2546644198], [-47.0069122366, -15.2145586997], [-47.0180709673, -15.1961727685], [-47.0089572594, -15.1707467774], [-47.0285981095, -15.1335357279], [-47.0491854602, -15.1163118121], [-47.0421014309, -15.0989707307], [-47.0611312886, -15.081930006], [-47.0770381838, -15.06282873], [-47.1342252339, -15.1147506255], [-47.1496048695, -15.0772386554], [-47.1711245473, -15.0471636286], [-47.1866038126, -14.9990650082], [-47.2076287001, -14.960036474], [-47.2136020261, -14.9440002343], [-47.2092179733, -14.9143532113], [-47.2343799832, -14.8980232478], [-47.2279906466, -14.8779557466], [-47.2149953563, -14.8595640325], [-47.2039636198, -14.8464210906], [-47.2142699656, -14.7995712129], [-47.2056865767, -14.7845249857], [-47.1817407542, -14.7585341466], [-47.1553220315, -14.7146204009], [-47.1397619022, -14.6949404591], [-47.1337665867, -14.6865931161], [-47.1101851052, -14.6714999654]]]}}, {"type": "Feature", "properties": {"name": "Vila Propício"}, "geometry": {"type": "Polygon", "coordinates": [[[-48.7512448486, -14.9046064036], [-48.7498587104, -14.9271583843], [-48.7245751924, -14.9406535601], [-48.6837987514, -14.9510139956], [-48.6749576045, -14.9764873685], [-48.6495764755, -14.9583121039], [-48.6325224754, -14.9833391817], [-48.6148758787, -14.9889746321], [-48.5984092562, -15.0065477847], [-48.6232109084, -15.0215761335], [-48.6374104688, -15.0339923417], [-48.6564948265, -15.0463534357], [-48.6442970517, -15.0869421541], [-48.6399682344, -15.1095589249], [-48.6138276503, -15.1545042037], [-48.6116867273, -15.1803743233], [-48.5851326581, -15.2193449824], [-48.5639641958, -15.2375895539], [-48.5690748763, -15.2495327603], [-48.5841045429, -15.2687116218], [-48.5871584518, -15.2984502587], [-48.5763284416, -15.3250179538], [-48.5798569071, -15.3406225586], [-48.6181343729, -15.3583825496], [-48.6917076052, -15.3988779383], [-48.7115991621, -15.4006456976], [-48.7431923811, -15.4643900304], [-48.742239769, -15.4954167201], [-48.8008009614, -15.4973111931], [-48.8226275285, -15.5053490853], [-48.8717203574, -15.5201687667], [-48.9517017209, -15.5125199071], [-48.9995462807, -15.5431806057], [-49.020254446, -15.5675317811], [-49.0745211807, -15.5134290068], [-49.0743847826, -15.4547430739], [-49.0752978839, -15.4208616837], [-49.079738764, -15.3649050328], [-49.0490771473, -15.3006447767], [-49.0134640067, -15.2817561717], [-48.9276885552, -15.2514201944], [-48.9144092971, -15.1864225128], [-48.8848161594, -15.1379386462], [-48.8665545584, -15.0969049374], [-48.8551040483, -15.0630295962], [-48.8307520064, -15.0237205895], [-48.8079317043, -14.9702034782], [-48.7758474001, -14.905004628], [-48.7689642119, -14.8780379057], [-48.7502426224, -14.8721758091], [-48.7512448486, -14.9046064036]]]}}]}